Keeley Bosco,1228-1221-1221-1431
Rubye Jerde,1228-1221-1221-1431
Celine Ankunding,1228-1221-1221-1431
Dr. Araceli Lang,1211-1221-1234-2201
Terrell Boyle,1228-1221-1221-1431
Alessandro Barton,1234-2121-1221-1211
Dr. Art Grimes,1211-1221-1234-2201
Keven Purdy,1211-1221-1234-2201
Oma Grady,1212-1221-1121-1234
Jazmin Kovacek,1211-1221-1234-2201
Queen Mills,1211-1221-1234-2201
Alec Howell,1234-2121-1221-1211
Keith Wilderman,1212-1221-1121-1234
Dayton Gutmann,1212-1221-1121-1234
Mrs. Tom VonRueden,1234-2121-1221-1211
Antwon Sawayn,1211-1221-1234-2201
Tyrique Buckridge,1211-1221-1234-2201
Amani Borer,1212-1221-1121-1234
Miss Lauriane Farrell,1211-1221-1234-2201
Alessandra Abbott MD,1212-1221-1121-1234
Mrs. Eva Heathcote,1234-2121-1221-1211
Tiana Schiller,1211-1221-1234-2201
Rossie Sauer,1234-2121-1221-1211
Shawn Thiel,1228-1221-1221-1431
Ray Gaylord,1211-1221-1234-2201
Cordelia Quigley Jr.,1228-1221-1221-1431
Mr. Quinten McGlynn,1228-1221-1221-1431
Reuben Turner,1212-1221-1121-1234
Tatyana Mertz,1211-1221-1234-2201
Aletha Kuphal,1212-1221-1121-1234
Jade Ortiz,1211-1221-1234-2201
Zackary Gibson,1228-1221-1221-1431
Kelli Rau,1234-2121-1221-1211
Vergie Steuber,1228-1221-1221-1431
Aracely Cummerata,1211-1221-1234-2201
Saige Schaefer,1211-1221-1234-2201
Frederic Barton,1212-1221-1121-1234
Judson Wiegand,1228-1221-1221-1431
Darby Morissette,1228-1221-1221-1431
Breanna Adams,1234-2121-1221-1211
Mrs. Gina Hills,1234-2121-1221-1211
Quincy Bins III,1212-1221-1121-1234
Dr. Ken Beatty,1212-1221-1121-1234
Beulah Nolan Sr.,1212-1221-1121-1234
Antwan Block,1211-1221-1234-2201
Ettie Jacobson,1228-1221-1221-1431
Mrs. Jan Rogahn,1212-1221-1121-1234
Sigrid Gaylord,1211-1221-1234-2201
Ms. Alexys Schmidt,1212-1221-1121-1234
Ms. Laurine Roob,1212-1221-1121-1234
Bradly Erdman IV,1234-2121-1221-1211
Maureen Haag,1228-1221-1221-1431
Travon Ryan,1212-1221-1121-1234
Lolita Hudson,1211-1221-1234-2201
Dr. Rocky Fay,1211-1221-1234-2201
Casper Cruickshank,1212-1221-1121-1234
Mr. Stephen Kub,1228-1221-1221-1431
Lemuel Wintheiser,1228-1221-1221-1431
Aliya Yost,1211-1221-1234-2201
Kenyon Strosin,1234-2121-1221-1211
Dr. Domenic Morissette,1211-1221-1234-2201
Mrs. Myrtice Wyman,1228-1221-1221-1431
Devon Lehner,1212-1221-1121-1234
Jazmin Witting,1212-1221-1121-1234
Major O'Hara,1234-2121-1221-1211
Dr. Guiseppe Borer,1228-1221-1221-1431
Ayana Donnelly,1211-1221-1234-2201
Claudia Roob,1234-2121-1221-1211
Vernon Dickinson,1212-1221-1121-1234
Norval Leffler,1234-2121-1221-1211
Sheila Kuhic PhD,1234-2121-1221-1211
Elliott Kiehn V,1211-1221-1234-2201
Pierce Lynch,1211-1221-1234-2201
Dahlia Dibbert,1211-1221-1234-2201
Marilyne Daugherty,1211-1221-1234-2201
Okey Hills MD,1234-2121-1221-1211
Neha Hilpert,1234-2121-1221-1211
Zachariah Morar,1211-1221-1234-2201
Ms. Dennis Sauer,1228-1221-1221-1431
Joanie Schmitt,1234-2121-1221-1211
Mae Jacobson,1211-1221-1234-2201
Jayce Grimes,1234-2121-1221-1211
Liliana Mohr,1211-1221-1234-2201
Cordell Kovacek Sr.,1228-1221-1221-1431
Mr. Nova Weissnat,1228-1221-1221-1431
Jaren Schmeler,1211-1221-1234-2201
Keyon Rau,1234-2121-1221-1211
Carolanne Davis,1211-1221-1234-2201
Yoshiko Marvin,1212-1221-1121-1234
Kiera Shanahan,1211-1221-1234-2201
Rodger Roob,1212-1221-1121-1234
Hoyt Beier,1212-1221-1121-1234
Mr. Loraine Sipes,1211-1221-1234-2201
Demario Waters,1228-1221-1221-1431
Stanton Heller IV,1212-1221-1121-1234
Emery Medhurst,1228-1221-1221-1431
Cornelius Schamberger,1228-1221-1221-1431
Madaline Gibson,1211-1221-1234-2201
America Robel,1228-1221-1221-1431
Ms. Odell Osinski,1228-1221-1221-1431
Mallie Auer,1228-1221-1221-1431
Gene Schoen,1228-1221-1221-1431
Lois Rutherford,1212-1221-1121-1234
Miss Willard McDermott,1211-1221-1234-2201
June Kihn,1228-1221-1221-1431
Violette Bahringer,1234-2121-1221-1211
Leann Johnston Jr.,1212-1221-1121-1234
Guillermo Labadie PhD,1228-1221-1221-1431
Roslyn Bartell,1212-1221-1121-1234
Delaney Parisian,1211-1221-1234-2201
Doyle Gusikowski,1211-1221-1234-2201
Christina Kling,1212-1221-1121-1234
Kali Vandervort,1212-1221-1121-1234
Mr. Josefina Block,1212-1221-1121-1234
Keegan Stamm,1234-2121-1221-1211
Queenie DuBuque Jr.,1228-1221-1221-1431
Mrs. Hellen Daniel,1211-1221-1234-2201
Arlo Swaniawski,1211-1221-1234-2201
Ms. Jeanne Hane,1211-1221-1234-2201
Samir Christiansen,1211-1221-1234-2201
Winston Feil IV,1234-2121-1221-1211
Connie Thiel V,1234-2121-1221-1211
London Lynch,1212-1221-1121-1234
Kendrick Feest,1212-1221-1121-1234
Kenyon Ruecker,1212-1221-1121-1234
Pedro O'Connell IV,1234-2121-1221-1211
Tod Witting,1228-1221-1221-1431
Miss Seth West,1234-2121-1221-1211
Cesar Koelpin,1211-1221-1234-2201
Adell Price I,1211-1221-1234-2201
Hannah Zboncak DVM,1234-2121-1221-1211
Hubert Durgan,1212-1221-1121-1234
Brielle Cassin Sr.,1228-1221-1221-1431
Virgil Aufderhar,1211-1221-1234-2201
Rogers Lindgren,1211-1221-1234-2201
Abbigail Labadie,1228-1221-1221-1431
Mr. Madelyn Kohler,1234-2121-1221-1211
Johan Gerlach,1212-1221-1121-1234
Daphnee Emmerich,1212-1221-1121-1234
Tyshawn Sporer,1228-1221-1221-1431
Mr. Grant Parisian,1234-2121-1221-1211
Nicola Skiles,1212-1221-1121-1234
Miss Paris Daniel,1234-2121-1221-1211
Idell Bartell,1211-1221-1234-2201
Lucius Lebsack,1228-1221-1221-1431
Dr. Simone Schowalter,1234-2121-1221-1211
Thad Moen,1212-1221-1121-1234
Rosanna Auer,1212-1221-1121-1234
Derrick Farrell,1234-2121-1221-1211
Mrs. Deron Jakubowski,1228-1221-1221-1431
Drake Blick,1212-1221-1121-1234
Easter Koelpin,1234-2121-1221-1211
Horacio Hintz,1211-1221-1234-2201
Jillian Glover,1211-1221-1234-2201
Maryjane Ankunding,1234-2121-1221-1211
Evie Friesen,1234-2121-1221-1211
Mrs. Ebony Gerhold,1212-1221-1121-1234
Josiane Murray,1234-2121-1221-1211
Ludwig Farrell,1228-1221-1221-1431
Idella Hettinger,1228-1221-1221-1431
Josh Mertz,1212-1221-1121-1234
John Kemmer MD,1228-1221-1221-1431
Ms. Avis Shanahan,1228-1221-1221-1431
Myron Sawayn Sr.,1234-2121-1221-1211
Pierre McClure,1234-2121-1221-1211
Benny Huels,1234-2121-1221-1211
Russel Ziemann,1212-1221-1121-1234
Dr. Lue Feest,1212-1221-1121-1234
Emelie Hegmann,1228-1221-1221-1431
Michaela Herman III,1212-1221-1121-1234
Minnie O'Hara,1228-1221-1221-1431
Michelle Green Sr.,1228-1221-1221-1431
Elijah Ortiz,1228-1221-1221-1431
Claudine Schoen,1234-2121-1221-1211
Shannon Koepp,1211-1221-1234-2201
Hillard Carroll,1228-1221-1221-1431
Rowena Rutherford MD,1212-1221-1121-1234
Chelsie Bernier PhD,1211-1221-1234-2201
Emilie Wehner,1212-1221-1121-1234
Mrs. Antonia Bosco,1234-2121-1221-1211
Eliezer Kirlin,1228-1221-1221-1431
Mrs. Travis Quitzon,1211-1221-1234-2201
Jaren Leuschke,1212-1221-1121-1234
Verna D'Amore,1212-1221-1121-1234
Judah Rolfson DDS,1234-2121-1221-1211
Carol Durgan,1212-1221-1121-1234
Mrs. Dave Bailey,1211-1221-1234-2201
Marilie Hammes III,1234-2121-1221-1211
Mekhi Mertz,1211-1221-1234-2201
Jean Weber,1228-1221-1221-1431
Iliana Pouros,1212-1221-1121-1234
Darrel Pouros,1212-1221-1121-1234
Roderick O'Keefe DDS,1228-1221-1221-1431
Chadrick Douglas II,1212-1221-1121-1234
Robb Marks,1211-1221-1234-2201
Ethan Baumbach,1211-1221-1234-2201
Bryana Hackett,1212-1221-1121-1234
Leonardo Luettgen,1228-1221-1221-1431
Miss Frederique Johns,1211-1221-1234-2201
Garfield O'Keefe V,1211-1221-1234-2201
Elton Haley III,1228-1221-1221-1431
August Schulist I,1212-1221-1121-1234
Marshall Haley,1228-1221-1221-1431
Maya Block,1211-1221-1234-2201
Edythe Lueilwitz,1228-1221-1221-1431
Mr. Adolph Marks,1212-1221-1121-1234
Tavares Feil,1234-2121-1221-1211
Alaina Kshlerin,1211-1221-1234-2201
Mrs. Lela Harber,1234-2121-1221-1211
Miss Zita Bartoletti,1212-1221-1121-1234
Federico Wisoky,1234-2121-1221-1211
Mr. Brannon Witting,1211-1221-1234-2201
Betsy Marvin,1228-1221-1221-1431
Vivien Jaskolski IV,1212-1221-1121-1234
Miss Emilia Grady,1234-2121-1221-1211
Ms. Clementine Keeling,1228-1221-1221-1431
Mr. Angus Waters,1212-1221-1121-1234
Forrest Ward DVM,1234-2121-1221-1211
Noemy Watsica,1212-1221-1121-1234
Kiera Lynch,1211-1221-1234-2201
Henry Connelly,1234-2121-1221-1211
Josh Kunze,1211-1221-1234-2201
Hope Hand MD,1212-1221-1121-1234
Jazmin Quigley,1228-1221-1221-1431
Tyrese Johns,1212-1221-1121-1234
Caden Kiehn,1234-2121-1221-1211
Makenna Mohr V,1234-2121-1221-1211
Lonny Hegmann DDS,1228-1221-1221-1431
Mr. Boyd Nitzsche,1228-1221-1221-1431
Filiberto Ruecker,1212-1221-1121-1234
Harmony Hamill Sr.,1212-1221-1121-1234
Mrs. Meggie Schmitt,1234-2121-1221-1211
Milford Bartell,1211-1221-1234-2201
Brain VonRueden,1211-1221-1234-2201
Kayden Botsford,1228-1221-1221-1431
Favian Herman,1234-2121-1221-1211
Alexandre Towne,1234-2121-1221-1211
Bryana Leannon,1212-1221-1121-1234
Delfina Schultz,1234-2121-1221-1211
Mr. Rocio Jerde,1234-2121-1221-1211
Frances Beahan,1211-1221-1234-2201
Marcus White V,1234-2121-1221-1211
Travon Grimes,1211-1221-1234-2201
Mariane Kunze,1228-1221-1221-1431
Ana Rolfson,1212-1221-1121-1234
Marlene Bartoletti,1211-1221-1234-2201
Destiney Abshire II,1234-2121-1221-1211
Edmond Wilderman,1228-1221-1221-1431
Fredy Adams,1234-2121-1221-1211
Dr. Andres Schimmel,1211-1221-1234-2201
Oliver Ratke V,1228-1221-1221-1431
Alene Lang,1228-1221-1221-1431
Mrs. Rosetta Douglas,1212-1221-1121-1234
Lavina Stokes,1212-1221-1121-1234
Emelia Nienow,1234-2121-1221-1211
Ava Cole,1212-1221-1121-1234
Sherman Ward,1228-1221-1221-1431
Brianne White,1212-1221-1121-1234
Dr. Trevion Jacobi,1212-1221-1121-1234
Twila Kassulke I,1211-1221-1234-2201
Jordan Corkery,1234-2121-1221-1211
Golden Wintheiser,1234-2121-1221-1211
Unique Hamill,1228-1221-1221-1431
Napoleon Cartwright,1228-1221-1221-1431
Stuart Ferry,1212-1221-1121-1234
Shanel Weber,1212-1221-1121-1234
Jettie Rippin,1234-2121-1221-1211
Imani Crooks,1228-1221-1221-1431
Lavina Adams,1211-1221-1234-2201
Madalyn Blanda,1228-1221-1221-1431
Dr. Walker Rath,1228-1221-1221-1431
Ms. Karson Ernser,1228-1221-1221-1431
Lonnie Roberts,1228-1221-1221-1431
Mr. Salma Wilkinson,1228-1221-1221-1431
Cordell Schmitt,1211-1221-1234-2201
Mackenzie Satterfield,1212-1221-1121-1234
Madyson Schneider,1211-1221-1234-2201
Graciela Armstrong,1212-1221-1121-1234
Arturo Reinger,1228-1221-1221-1431
Ms. Ashleigh Kemmer,1234-2121-1221-1211
Kenya Stokes,1212-1221-1121-1234
Oral Beier,1211-1221-1234-2201
Newton Douglas,1234-2121-1221-1211
Ignatius Heidenreich,1228-1221-1221-1431
Julian Lynch,1228-1221-1221-1431
Ada Hills,1234-2121-1221-1211
Jackie Prohaska,1212-1221-1121-1234
Wendell Balistreri DDS,1211-1221-1234-2201
Retha Feil,1228-1221-1221-1431
Silas Nader,1234-2121-1221-1211
Mr. Tomas Lindgren,1228-1221-1221-1431
Myriam Konopelski,1212-1221-1121-1234
Lavonne Yundt MD,1228-1221-1221-1431
Ward Kuphal I,1228-1221-1221-1431
Kaylah Russel,1211-1221-1234-2201
Hailee Parker,1234-2121-1221-1211
Maya Hayes,1211-1221-1234-2201
Edward Roob,1211-1221-1234-2201
Alana Herzog,1212-1221-1121-1234
Maya Shanahan,1212-1221-1121-1234
Myrtice Hilpert I,1212-1221-1121-1234
Lizzie Nader,1234-2121-1221-1211
Nikolas Kessler,1212-1221-1121-1234
Abner Hegmann,1212-1221-1121-1234
Esteban Jast,1234-2121-1221-1211
Jeffery Hammes,1211-1221-1234-2201
Rebecca Bernhard Sr.,1211-1221-1234-2201
Javier Little,1211-1221-1234-2201
Lance Crona,1211-1221-1234-2201
Mr. Ophelia Reilly,1228-1221-1221-1431
Marcel Wunsch,1211-1221-1234-2201
Nickolas Jones,1211-1221-1234-2201
Mrs. Jermaine Boyer,1211-1221-1234-2201
Holden Nader,1234-2121-1221-1211
Kraig Fay,1211-1221-1234-2201
Blanche Murray DDS,1211-1221-1234-2201
Dr. Samantha Spinka,1228-1221-1221-1431
Lynn Greenfelder,1228-1221-1221-1431
Amira Tromp,1211-1221-1234-2201
Alvis Cormier,1212-1221-1121-1234
Harrison Larkin III,1234-2121-1221-1211
Alden Kutch,1212-1221-1121-1234
Ayden Daugherty V,1211-1221-1234-2201
Vivienne Nader,1211-1221-1234-2201
Cecile Baumbach,1234-2121-1221-1211
Leonie Veum,1211-1221-1234-2201
Rod Grimes,1234-2121-1221-1211
Mr. Gracie Schultz,1234-2121-1221-1211
Esther Douglas,1211-1221-1234-2201
Carey Williamson Jr.,1234-2121-1221-1211
Mrs. Parker Thiel,1212-1221-1121-1234
Monica Farrell MD,1211-1221-1234-2201
Vidal Conn,1228-1221-1221-1431
Floyd Homenick IV,1211-1221-1234-2201
Delta Kirlin,1228-1221-1221-1431
Chet Simonis Sr.,1211-1221-1234-2201
Izabella Howell,1228-1221-1221-1431
Muriel Rogahn,1212-1221-1121-1234
Miss Briana Weber,1228-1221-1221-1431
Katlyn Hyatt Jr.,1234-2121-1221-1211
Sienna Nader MD,1211-1221-1234-2201
Delphia Shields,1211-1221-1234-2201
Zachariah Sawayn,1212-1221-1121-1234
Wilfred Lang,1228-1221-1221-1431
Mercedes Stracke,1234-2121-1221-1211
Johnathan Wuckert I,1212-1221-1121-1234
Schuyler Morar III,1211-1221-1234-2201
Rhett Barton,1212-1221-1121-1234
Violet Morar,1234-2121-1221-1211
Mrs. Jaquan Lynch,1211-1221-1234-2201
Brent Farrell IV,1228-1221-1221-1431
Penelope Roob,1212-1221-1121-1234
Vernice Leuschke,1212-1221-1121-1234
Moshe Jacobs,1228-1221-1221-1431
Milo Treutel,1212-1221-1121-1234
Ms. Fritz Skiles,1211-1221-1234-2201
Dereck Strosin,1234-2121-1221-1211
Chesley Kihn,1228-1221-1221-1431
Terrence Kuphal,1234-2121-1221-1211
Lacey McLaughlin,1234-2121-1221-1211
Ottilie Mante,1228-1221-1221-1431
Alta Homenick DVM,1234-2121-1221-1211
Abby Cummings DDS,1228-1221-1221-1431
Ms. Alfreda Gislason,1211-1221-1234-2201
Orlo Murray,1212-1221-1121-1234
Miss Kyleigh Fisher,1234-2121-1221-1211
Porter Gaylord,1228-1221-1221-1431
Corene Rempel,1212-1221-1121-1234
Ernie Denesik,1211-1221-1234-2201
Peyton Franecki DVM,1234-2121-1221-1211
Mrs. Ashlynn Reinger,1234-2121-1221-1211
Mr. Cordie Luettgen,1228-1221-1221-1431
Ms. Molly Block,1228-1221-1221-1431
Mrs. Raoul Borer,1211-1221-1234-2201
Shana Schuster,1228-1221-1221-1431
Nestor Bergnaum,1228-1221-1221-1431
Eriberto Kshlerin,1234-2121-1221-1211
Murray O'Conner,1234-2121-1221-1211
Keaton McDermott Sr.,1212-1221-1121-1234
Jose Boyle,1228-1221-1221-1431
Lavinia Stamm I,1234-2121-1221-1211
Thea Nikolaus,1228-1221-1221-1431
Frida Bogisich,1228-1221-1221-1431
Zella Strosin,1234-2121-1221-1211
Mark Smitham,1228-1221-1221-1431
Billy Waters,1228-1221-1221-1431
Dr. Ezekiel Christiansen,1212-1221-1121-1234
Imogene Grady II,1212-1221-1121-1234
Howell Batz,1211-1221-1234-2201
Morris Davis,1234-2121-1221-1211
Kayli Fay,1228-1221-1221-1431
Rita Volkman,1234-2121-1221-1211
Mark Treutel,1234-2121-1221-1211
Derick Schmeler,1211-1221-1234-2201
Conner Abernathy,1228-1221-1221-1431
Hillary Schiller,1228-1221-1221-1431
Shayne Bernier,1212-1221-1121-1234
Junior Durgan,1228-1221-1221-1431
Justyn Goodwin,1234-2121-1221-1211
Ms. Sofia Ziemann,1212-1221-1121-1234
Jennyfer Pacocha,1211-1221-1234-2201
Jaylan Bradtke,1234-2121-1221-1211
Sunny Bahringer,1212-1221-1121-1234
Dr. Jennings Mraz,1228-1221-1221-1431
Delpha Lesch PhD,1212-1221-1121-1234
Verlie Metz,1234-2121-1221-1211
Eliseo Schmeler,1211-1221-1234-2201
Ryley Jacobs,1211-1221-1234-2201
Mrs. Louisa Bednar,1228-1221-1221-1431
Dr. Lydia Schmitt,1212-1221-1121-1234
Ottis Little,1234-2121-1221-1211
Travon Witting,1228-1221-1221-1431
Zakary Bernier,1212-1221-1121-1234
Skyla Jacobson V,1212-1221-1121-1234
Yazmin Hane MD,1212-1221-1121-1234
Kory Hirthe,1212-1221-1121-1234
Gregorio Wyman,1212-1221-1121-1234
Mr. Ali Hauck,1211-1221-1234-2201
Sydney Windler,1228-1221-1221-1431
Maryjane Huels MD,1212-1221-1121-1234
Ronny Kuvalis,1234-2121-1221-1211
Mr. Mertie Kulas,1234-2121-1221-1211
Norwood Wisoky,1228-1221-1221-1431
Roxane Skiles,1211-1221-1234-2201
Mr. Frederic Volkman,1228-1221-1221-1431
Destany Crona,1228-1221-1221-1431
Domenick Turcotte,1234-2121-1221-1211
Elbert Armstrong,1212-1221-1121-1234
Shaylee Schneider,1211-1221-1234-2201
Roy Satterfield,1234-2121-1221-1211
Jasmin Johns,1228-1221-1221-1431
Johnathon Ritchie DDS,1234-2121-1221-1211
Linwood Schaden,1228-1221-1221-1431
Emelia Morar II,1228-1221-1221-1431
Ms. Beulah Mosciski,1212-1221-1121-1234
Larissa Buckridge,1234-2121-1221-1211
Nico Huels PhD,1212-1221-1121-1234
Otis Padberg,1211-1221-1234-2201
Karen Denesik,1228-1221-1221-1431
Macie MacGyver,1234-2121-1221-1211
Dejon Hermiston,1228-1221-1221-1431
Ms. Talia Kling,1211-1221-1234-2201
Nash Bayer,1211-1221-1234-2201
Kristopher Herman I,1211-1221-1234-2201
Herminio Dooley,1212-1221-1121-1234
Kiarra Schneider,1212-1221-1121-1234
Fleta Walsh Jr.,1212-1221-1121-1234
Luciano Kuphal,1211-1221-1234-2201
Roxane Berge,1228-1221-1221-1431
Troy Barton IV,1234-2121-1221-1211
Hipolito Dach,1212-1221-1121-1234
Josiah Feest III,1211-1221-1234-2201
Destini Bernhard,1228-1221-1221-1431
Trinity Morar,1228-1221-1221-1431
Mrs. Declan Schultz,1212-1221-1121-1234
Kaitlin Simonis,1212-1221-1121-1234
Dwight Bayer,1211-1221-1234-2201
Mathias Glover,1228-1221-1221-1431
Gladys Bauch IV,1228-1221-1221-1431
Daphne Weimann I,1211-1221-1234-2201
Desiree Satterfield I,1212-1221-1121-1234
Ms. Steve Beier,1234-2121-1221-1211
Mrs. Rhett Ankunding,1212-1221-1121-1234
Dr. Maggie Dicki,1228-1221-1221-1431
Burley Lemke,1234-2121-1221-1211
Dr. Amari Schiller,1212-1221-1121-1234
Ottis Rippin,1212-1221-1121-1234
Jamey Yost,1212-1221-1121-1234
Darian Schowalter,1228-1221-1221-1431
Bernadette Larson,1234-2121-1221-1211
Clifford Mitchell IV,1212-1221-1121-1234
Ottis Yost,1211-1221-1234-2201
Kylie Legros,1228-1221-1221-1431
Grayce MacGyver I,1234-2121-1221-1211
Michaela Bartoletti,1228-1221-1221-1431
Myron Brakus,1212-1221-1121-1234
Ms. Lorenzo Lesch,1228-1221-1221-1431
Laila Johnston,1211-1221-1234-2201
Haylee Schiller,1212-1221-1121-1234
Omer Schmeler,1228-1221-1221-1431
Bo Schoen,1212-1221-1121-1234
Marquise Mante,1234-2121-1221-1211
Erica Fay,1228-1221-1221-1431
Ora Fay III,1234-2121-1221-1211
Myrl Kilback,1211-1221-1234-2201
Nasir Erdman,1212-1221-1121-1234
Zetta Lang Sr.,1211-1221-1234-2201
Miss Casey Jacobi,1212-1221-1121-1234
Ms. Francesca Von,1228-1221-1221-1431
Dangelo Altenwerth,1228-1221-1221-1431
Santino Reynolds I,1234-2121-1221-1211
Norval Ullrich Sr.,1212-1221-1121-1234
Dustin Shanahan,1228-1221-1221-1431
Esteban Hintz,1234-2121-1221-1211
Reilly Wunsch,1211-1221-1234-2201
Enrique Kilback,1234-2121-1221-1211
Dax Muller,1212-1221-1121-1234
Bryce Macejkovic,1212-1221-1121-1234
Ollie Kulas,1211-1221-1234-2201
Roslyn Connelly,1228-1221-1221-1431
Annie Hammes,1211-1221-1234-2201
Lela Nikolaus,1211-1221-1234-2201
Reva Kub,1234-2121-1221-1211
Miss Bianka Deckow,1234-2121-1221-1211
Miss Weldon Fritsch,1212-1221-1121-1234
Miss Bradly Maggio,1234-2121-1221-1211
Juvenal Mann,1228-1221-1221-1431
Braden Dickens,1234-2121-1221-1211
Lynn Wyman,1234-2121-1221-1211
Axel Bashirian,1228-1221-1221-1431
Jennyfer Pagac,1211-1221-1234-2201
Marjorie Koch,1234-2121-1221-1211
Mr. Alford Schneider,1228-1221-1221-1431
Margaret Bruen Jr.,1228-1221-1221-1431
Estrella Douglas V,1234-2121-1221-1211
Dr. Doris Halvorson,1211-1221-1234-2201
Wyman Champlin,1228-1221-1221-1431
Desiree Rice DDS,1212-1221-1121-1234
Madisyn Prohaska,1228-1221-1221-1431
Miss Lucienne O'Keefe,1212-1221-1121-1234
Mrs. Bettie Hoppe,1211-1221-1234-2201
Jordy Greenfelder,1234-2121-1221-1211
Kacey Graham,1211-1221-1234-2201
Vladimir Heaney II,1234-2121-1221-1211
Lenora Stiedemann,1212-1221-1121-1234
Dr. Wilburn Lebsack,1212-1221-1121-1234
Hailee Ankunding,1212-1221-1121-1234
Jacques White I,1212-1221-1121-1234
Jerod Baumbach,1234-2121-1221-1211
Mr. Buddy Nienow,1212-1221-1121-1234
Regan Von,1211-1221-1234-2201
Haylee Hartmann,1211-1221-1234-2201
Koby Jacobson,1228-1221-1221-1431
Claude Koss,1212-1221-1121-1234
Sadye Dicki,1234-2121-1221-1211
Earlene Blick,1228-1221-1221-1431
Maximo Schowalter III,1234-2121-1221-1211
Wilbert Hayes,1211-1221-1234-2201
Sammy Rolfson,1211-1221-1234-2201
Trace Rau,1212-1221-1121-1234
Jacey Harris,1228-1221-1221-1431
Zelma Okuneva,1234-2121-1221-1211
Joana Christiansen,1212-1221-1121-1234
Keeley Mueller,1212-1221-1121-1234
Nicolette Hand V,1234-2121-1221-1211
Lonny Boyle,1211-1221-1234-2201
Gussie Koch DDS,1212-1221-1121-1234
Colin Murazik MD,1211-1221-1234-2201
Ryder Herman,1228-1221-1221-1431
Rylan Brakus DDS,1211-1221-1234-2201
Samson Muller,1234-2121-1221-1211
Nona Skiles,1212-1221-1121-1234
Orlando Schimmel DVM,1212-1221-1121-1234
Franco Halvorson,1234-2121-1221-1211
Wendy Yundt Jr.,1211-1221-1234-2201
Darryl Kshlerin,1211-1221-1234-2201
Miss Joe Larson,1212-1221-1121-1234
Alycia Hackett,1211-1221-1234-2201
Ms. Travon Goldner,1212-1221-1121-1234
Fabian Hegmann,1211-1221-1234-2201
Alexzander Jenkins,1228-1221-1221-1431
Kris Parisian IV,1212-1221-1121-1234
Miss Connor Hoeger,1228-1221-1221-1431
Ramona Shanahan,1228-1221-1221-1431
Forest Torp,1228-1221-1221-1431
Ms. Alberto Green,1211-1221-1234-2201
Dr. Laverne Fay,1228-1221-1221-1431
Cale Satterfield,1228-1221-1221-1431
Salvador Dietrich PhD,1228-1221-1221-1431
Miss Jimmy Douglas,1211-1221-1234-2201
Dr. Sylvester Conn,1212-1221-1121-1234
Melyna Torphy,1211-1221-1234-2201
Coleman Rowe,1234-2121-1221-1211
Aida Anderson Jr.,1212-1221-1121-1234
Emily Schultz II,1211-1221-1234-2201
Mercedes Haag,1212-1221-1121-1234
Roman Boyle,1212-1221-1121-1234
Buster Stoltenberg V,1212-1221-1121-1234
Pascale Eichmann,1228-1221-1221-1431
Judy Lindgren MD,1211-1221-1234-2201
Madelynn Leffler,1212-1221-1121-1234
Mr. Jimmy Lehner,1228-1221-1221-1431
Kayli Crona,1228-1221-1221-1431
Domenica Hermiston,1228-1221-1221-1431
Clementine O'Kon,1212-1221-1121-1234
Payton Hagenes,1234-2121-1221-1211
Moses Boehm,1211-1221-1234-2201
Frida Gorczany,1211-1221-1234-2201
Brent Grant,1212-1221-1121-1234
Jane Barton,1212-1221-1121-1234
Taryn Ledner,1228-1221-1221-1431
Laila Leffler,1228-1221-1221-1431
Virginia Bosco,1228-1221-1221-1431
Bonnie Lockman,1234-2121-1221-1211
Christine Metz,1228-1221-1221-1431
Arden Schaden,1212-1221-1121-1234
Norma McDermott,1228-1221-1221-1431
Gregg Nitzsche,1228-1221-1221-1431
Annamae Lesch,1228-1221-1221-1431
Edythe Hermiston Sr.,1212-1221-1121-1234
Robb Ryan,1228-1221-1221-1431
Mavis Reichert,1234-2121-1221-1211
Rahsaan Wuckert,1212-1221-1121-1234
Cedrick Smith,1234-2121-1221-1211
Taylor Leannon,1228-1221-1221-1431
Abdullah Schaden,1228-1221-1221-1431
Mckenzie Keebler,1212-1221-1121-1234
Mr. Stefan Schuppe,1211-1221-1234-2201
Jaycee Gerhold PhD,1212-1221-1121-1234
Sadie Lockman,1228-1221-1221-1431
Johnnie Bode,1234-2121-1221-1211
Elyssa Mosciski II,1228-1221-1221-1431
Eliezer Johnston,1228-1221-1221-1431
Dr. Roberto Skiles,1234-2121-1221-1211
Jordane Anderson MD,1212-1221-1121-1234
Kylee Trantow MD,1212-1221-1121-1234
Antwan Shields,1212-1221-1121-1234
Tate Murazik,1211-1221-1234-2201
Mr. Alize Keeling,1234-2121-1221-1211
Ms. Maybelle Herzog,1228-1221-1221-1431
Elroy Kessler,1228-1221-1221-1431
Edwardo O'Keefe,1211-1221-1234-2201
Ms. Alva Kub,1212-1221-1121-1234
Amely Rogahn,1211-1221-1234-2201
Ms. Itzel Emmerich,1234-2121-1221-1211
Mikayla Larkin IV,1211-1221-1234-2201
Ms. Keanu Bashirian,1211-1221-1234-2201
Art Upton,1211-1221-1234-2201
Davin Kozey,1212-1221-1121-1234
Mollie Mertz,1212-1221-1121-1234
Keegan McLaughlin DDS,1234-2121-1221-1211
Dorothy Murazik,1234-2121-1221-1211
Vern Mayer,1228-1221-1221-1431
Damian MacGyver Jr.,1228-1221-1221-1431
Dr. Travis Lesch,1234-2121-1221-1211
Drew Monahan,1212-1221-1121-1234
Federico Harris,1211-1221-1234-2201
Cole Oberbrunner,1228-1221-1221-1431
Isai Sipes,1228-1221-1221-1431
Andres Marquardt,1228-1221-1221-1431
Zion Gottlieb,1234-2121-1221-1211
Cortney Gerlach,1228-1221-1221-1431
Jermey Bednar,1234-2121-1221-1211
Jess Ullrich,1212-1221-1121-1234
Charlotte Paucek,1212-1221-1121-1234
Maryjane Bode,1234-2121-1221-1211
Marisol Kozey Sr.,1234-2121-1221-1211
Moriah O'Conner,1234-2121-1221-1211
Kacey Ebert DDS,1211-1221-1234-2201
Waylon Hermann,1211-1221-1234-2201
Valentin Turner,1228-1221-1221-1431
Abraham Weimann PhD,1234-2121-1221-1211
Cecile Willms,1212-1221-1121-1234
Dr. Adrian Sauer,1228-1221-1221-1431
Coty Howell,1212-1221-1121-1234
Martin Runolfsdottir,1234-2121-1221-1211
Gino Paucek,1212-1221-1121-1234
Earnest Macejkovic,1212-1221-1121-1234
Francesca Feest,1212-1221-1121-1234
Lilla O'Conner,1212-1221-1121-1234
Jaylan Kerluke,1212-1221-1121-1234
Mrs. Augustus VonRueden,1228-1221-1221-1431
Celestino Hilll V,1212-1221-1121-1234
Darian Kiehn,1211-1221-1234-2201
Kennedi Baumbach,1212-1221-1121-1234
Ms. Cierra Kemmer,1234-2121-1221-1211
Jena Goldner,1234-2121-1221-1211
Kristian Altenwerth V,1211-1221-1234-2201
Loyce Jacobs IV,1211-1221-1234-2201
Anjali Oberbrunner,1228-1221-1221-1431
Walker Miller,1234-2121-1221-1211
Queen Hoeger,1228-1221-1221-1431
Shayna McLaughlin DDS,1228-1221-1221-1431
Braulio Hayes,1211-1221-1234-2201
Fidel Emmerich,1212-1221-1121-1234
Newton Runte,1211-1221-1234-2201
Miss Pink Johns,1234-2121-1221-1211
Cathrine O'Kon,1228-1221-1221-1431
Deangelo Spencer Jr.,1228-1221-1221-1431
Kirstin Koepp,1211-1221-1234-2201
Katharina Ledner,1228-1221-1221-1431
Dr. Clifford Wehner,1212-1221-1121-1234
Megane Rosenbaum,1211-1221-1234-2201
Santiago Marquardt,1228-1221-1221-1431
Abigale Langworth,1212-1221-1121-1234
Wilber Wiegand Sr.,1212-1221-1121-1234
Mr. Kip Kerluke,1228-1221-1221-1431
Griffin Pagac,1212-1221-1121-1234
Davonte Schroeder,1212-1221-1121-1234
Myles Ondricka,1212-1221-1121-1234
Dr. Brendan Wilkinson,1211-1221-1234-2201
Pete Pacocha,1228-1221-1221-1431
Pat Cassin,1211-1221-1234-2201
Ellen Pouros,1211-1221-1234-2201
Ms. Nelle Bartoletti,1211-1221-1234-2201
Nayeli Stroman II,1211-1221-1234-2201
Laury Johns,1228-1221-1221-1431
Madelyn Klein,1234-2121-1221-1211
Trever Purdy,1212-1221-1121-1234
Amalia Bauch,1234-2121-1221-1211
Jadon Russel,1212-1221-1121-1234
Garry Nitzsche,1228-1221-1221-1431
Alford Mohr,1211-1221-1234-2201
Gardner Beahan,1234-2121-1221-1211
Kody Wintheiser,1211-1221-1234-2201
Garth Strosin II,1211-1221-1234-2201
Wilson Kovacek,1212-1221-1121-1234
Kane Johnston PhD,1228-1221-1221-1431
Muriel Stehr,1211-1221-1234-2201
Teagan Reilly,1211-1221-1234-2201
Madalyn Roob,1234-2121-1221-1211
Ebba Gerhold,1212-1221-1121-1234
Mrs. Brock Nitzsche,1234-2121-1221-1211
Nelson Moen,1212-1221-1121-1234
Ms. Lemuel Rowe,1211-1221-1234-2201
Earnestine Becker,1211-1221-1234-2201
Roy Paucek PhD,1211-1221-1234-2201
Tressie Mann,1211-1221-1234-2201
Gilbert Lang,1228-1221-1221-1431
Dolores Jerde,1228-1221-1221-1431
Ayden Boyle,1211-1221-1234-2201
Miss Brooke Towne,1234-2121-1221-1211
Cassandre Bergnaum,1211-1221-1234-2201
Vilma Rowe IV,1234-2121-1221-1211
Heaven Hagenes,1234-2121-1221-1211
Sherwood Conn IV,1212-1221-1121-1234
Emmett Cruickshank MD,1212-1221-1121-1234
Fausto Gibson,1228-1221-1221-1431
Bernadine Stokes,1212-1221-1121-1234
Trisha Sanford,1212-1221-1121-1234
Mrs. Nick Stoltenberg,1228-1221-1221-1431
Sigrid West,1211-1221-1234-2201
Hailee Hettinger,1212-1221-1121-1234
Mr. Euna Kuhn,1211-1221-1234-2201
Dean Boehm,1211-1221-1234-2201
Maverick Cronin,1211-1221-1234-2201
Jabari Swift MD,1211-1221-1234-2201
Ms. Torrey O'Conner,1228-1221-1221-1431
Lynn Tromp,1234-2121-1221-1211
Ewell Mante,1212-1221-1121-1234
Jimmie Schulist,1228-1221-1221-1431
Miss Velda Beer,1228-1221-1221-1431
Amari Kiehn,1211-1221-1234-2201
Dana Walker,1212-1221-1121-1234
Bud Kuvalis I,1234-2121-1221-1211
Kamren Sporer,1211-1221-1234-2201
Tessie Leffler,1212-1221-1121-1234
Ernestina Crooks,1234-2121-1221-1211
Dr. Lane Bogisich,1212-1221-1121-1234
Stacy Schoen Sr.,1211-1221-1234-2201
Deron Johnson,1211-1221-1234-2201
Susanna Klocko,1234-2121-1221-1211
Madie Swift,1211-1221-1234-2201
Gertrude Rau,1228-1221-1221-1431
Shanel Pfeffer,1211-1221-1234-2201
Newton Mraz,1211-1221-1234-2201
Sam Littel,1212-1221-1121-1234
Marcella Bartell,1212-1221-1121-1234
Adele Lowe,1211-1221-1234-2201
Shania Parker,1211-1221-1234-2201
Marlon Rice,1228-1221-1221-1431
Reed Wisoky,1228-1221-1221-1431
Tate Tremblay DDS,1234-2121-1221-1211
Marlee Kuhic,1212-1221-1121-1234
Wilbert Hickle,1234-2121-1221-1211
Ayla Greenholt,1228-1221-1221-1431
Kendra Haag,1228-1221-1221-1431
Clarabelle Schneider,1228-1221-1221-1431
Mrs. Vito Koepp,1211-1221-1234-2201
Berta Auer II,1234-2121-1221-1211
Sydnie Gottlieb PhD,1211-1221-1234-2201
Sally Gerhold,1228-1221-1221-1431
Selmer O'Connell,1228-1221-1221-1431
Marcus Balistreri,1212-1221-1121-1234
Lonny Erdman,1228-1221-1221-1431
Cecelia Grant,1228-1221-1221-1431
Ciara Harvey,1228-1221-1221-1431
Mr. Josianne Huel,1211-1221-1234-2201
Deron Pfannerstill,1212-1221-1121-1234
Sigurd Kihn II,1228-1221-1221-1431
Breanne D'Amore,1211-1221-1234-2201
Warren Dickinson,1228-1221-1221-1431
Amber Koelpin,1228-1221-1221-1431
Alyce O'Reilly,1234-2121-1221-1211
Bailey Flatley,1212-1221-1121-1234
Kelvin Conn I,1234-2121-1221-1211
Dr. Manley Russel,1211-1221-1234-2201
Miss Newell Kiehn,1234-2121-1221-1211
Horacio Rippin,1212-1221-1121-1234
Willa Hahn Sr.,1211-1221-1234-2201
Dejon Gerhold,1211-1221-1234-2201
Franz Lebsack,1228-1221-1221-1431
Lonie Oberbrunner,1234-2121-1221-1211
Magdalen Reilly,1234-2121-1221-1211
Megane Cassin,1228-1221-1221-1431
Morton Haag,1234-2121-1221-1211
Dr. Beverly Crona,1234-2121-1221-1211
Bernice Hoeger,1211-1221-1234-2201
Delores Schuppe DVM,1212-1221-1121-1234
Mrs. Janice Dicki,1228-1221-1221-1431
Ms. Lyda Kozey,1228-1221-1221-1431
May Spencer,1211-1221-1234-2201
Melody Wilderman I,1211-1221-1234-2201
Nicole Sporer DVM,1212-1221-1121-1234
Margaretta Harris,1234-2121-1221-1211
Ms. Jeramy Ankunding,1212-1221-1121-1234
Kathryne Hessel I,1234-2121-1221-1211
Mr. Thaddeus Fritsch,1234-2121-1221-1211
Gordon Rowe,1234-2121-1221-1211
Dr. Keira Hirthe,1211-1221-1234-2201
Lane Gerlach IV,1228-1221-1221-1431
Mylene Upton,1234-2121-1221-1211
Isobel Corkery,1211-1221-1234-2201
Adella Zemlak,1212-1221-1121-1234
Sydnie Cronin,1234-2121-1221-1211
Roscoe Nicolas,1211-1221-1234-2201
Dudley Fisher,1234-2121-1221-1211
Mrs. Cassandre Kunde,1234-2121-1221-1211
Lucius Green,1228-1221-1221-1431
Julie Altenwerth,1228-1221-1221-1431
Dianna O'Reilly DVM,1234-2121-1221-1211
Abbigail Bartoletti,1234-2121-1221-1211
Eino Boyer,1212-1221-1121-1234
Felicita Heidenreich,1212-1221-1121-1234
Judd Williamson II,1234-2121-1221-1211
Heber DuBuque DVM,1228-1221-1221-1431
Jaleel Schultz,1211-1221-1234-2201
Deonte Hansen,1234-2121-1221-1211
Skylar Kulas III,1212-1221-1121-1234
Cyril Hettinger,1234-2121-1221-1211
Blaise Glover,1234-2121-1221-1211
Jordy Koss,1211-1221-1234-2201
Mrs. Nickolas Hansen,1234-2121-1221-1211
Otha McGlynn,1228-1221-1221-1431
Andreanne Herzog,1211-1221-1234-2201
Nathanial Ziemann,1211-1221-1234-2201
Ms. Layne Mertz,1211-1221-1234-2201
Barton West IV,1212-1221-1121-1234
Miss Abelardo Kiehn,1228-1221-1221-1431
Rodolfo Medhurst,1228-1221-1221-1431
Dejah Jacobi,1211-1221-1234-2201
Cassidy Kovacek,1211-1221-1234-2201
Jade Ortiz,1234-2121-1221-1211
Miss Tristin Zieme,1212-1221-1121-1234
Milford Emard,1234-2121-1221-1211
Velva Gottlieb,1228-1221-1221-1431
Dr. Sean Pacocha,1228-1221-1221-1431
Mr. Kassandra Bogan,1211-1221-1234-2201
Jessie Greenholt,1234-2121-1221-1211
Cheyanne Kunze,1211-1221-1234-2201
Mr. Chet Marvin,1211-1221-1234-2201
Jackie Funk,1211-1221-1234-2201
Maudie Mohr,1211-1221-1234-2201
Ms. Zoie Corkery,1234-2121-1221-1211
Minnie Cremin PhD,1234-2121-1221-1211
Lazaro Reichel,1234-2121-1221-1211
Ms. Kailee Bernhard,1234-2121-1221-1211
Eula Walter,1228-1221-1221-1431
Martin Adams,1228-1221-1221-1431
Amya Hickle,1234-2121-1221-1211
Alexandrine Conn I,1212-1221-1121-1234
Oceane Mertz DVM,1211-1221-1234-2201
Braeden Gutkowski,1211-1221-1234-2201
Mrs. Anastasia Toy,1228-1221-1221-1431
Danial Kuvalis Sr.,1234-2121-1221-1211
Emelie Wintheiser,1234-2121-1221-1211
Dina Kassulke,1211-1221-1234-2201
Cleta Anderson,1211-1221-1234-2201
Adan Bernhard,1234-2121-1221-1211
Ms. Jermey Denesik,1228-1221-1221-1431
Deon Tillman Sr.,1212-1221-1121-1234
Dr. Hailie Walter,1234-2121-1221-1211
Frances Nitzsche,1211-1221-1234-2201
Mckenna Quitzon,1211-1221-1234-2201
Annalise Waters,1211-1221-1234-2201
Henri Herman,1211-1221-1234-2201
Miss Eleonore Trantow,1228-1221-1221-1431
Jeffrey Gutmann,1212-1221-1121-1234
Antonietta Dickinson MD,1211-1221-1234-2201
Mr. Leonor Hackett,1211-1221-1234-2201
Braeden Marquardt,1228-1221-1221-1431
Lisa Welch,1228-1221-1221-1431
Lorine Cruickshank PhD,1228-1221-1221-1431
Mrs. Freda Macejkovic,1212-1221-1121-1234
Lizeth Lindgren,1212-1221-1121-1234
Sandrine Botsford,1234-2121-1221-1211
Adelle Bernier,1211-1221-1234-2201
Vicky Shanahan,1234-2121-1221-1211
Lenna Kuhn,1211-1221-1234-2201
Ezekiel Wolff V,1211-1221-1234-2201
Lucie Greenholt,1234-2121-1221-1211
Mr. Jessica Cole,1211-1221-1234-2201
Myron Ondricka,1234-2121-1221-1211
Joseph Thiel,1234-2121-1221-1211
Ezekiel Schaden PhD,1234-2121-1221-1211
Adrienne Bergstrom,1228-1221-1221-1431
Samantha Gleichner,1212-1221-1121-1234
Presley Grant,1212-1221-1121-1234
Baylee Gleichner,1228-1221-1221-1431
Miss Demond Thompson,1211-1221-1234-2201
Jerad Braun,1234-2121-1221-1211
Aurelia Hagenes,1228-1221-1221-1431
Donnell Lynch,1212-1221-1121-1234
Harold Spencer,1212-1221-1121-1234
Myah Stoltenberg,1228-1221-1221-1431
Maybell Johns,1234-2121-1221-1211
Claire Rodriguez,1212-1221-1121-1234
Carmine Bergnaum Sr.,1212-1221-1121-1234
Cade Rippin,1212-1221-1121-1234
Mrs. Cesar Miller,1212-1221-1121-1234
Lurline Bayer,1228-1221-1221-1431
Josefa Goodwin,1212-1221-1121-1234
Tony Cartwright,1234-2121-1221-1211
Darian Douglas,1234-2121-1221-1211
Genesis Hackett,1211-1221-1234-2201
Mr. Candido Wiegand,1211-1221-1234-2201
Carley Gerhold III,1211-1221-1234-2201
Orin Beer,1234-2121-1221-1211
Maida O'Conner,1228-1221-1221-1431
Naomie Hessel,1212-1221-1121-1234
Lorine Grady,1228-1221-1221-1431
Gaylord Reichel,1211-1221-1234-2201
Kennedy Green,1212-1221-1121-1234
Delta Stark,1234-2121-1221-1211
Miss Eve Medhurst,1228-1221-1221-1431
Dimitri Brekke DDS,1228-1221-1221-1431
Terrill Wiza PhD,1234-2121-1221-1211
Jaden Keebler Sr.,1234-2121-1221-1211
Mauricio Hilll,1211-1221-1234-2201
Meda Witting,1211-1221-1234-2201
Gust Kirlin,1211-1221-1234-2201
Dr. Gregg Hahn,1234-2121-1221-1211
Esther Kertzmann,1228-1221-1221-1431
Jameson Ferry,1211-1221-1234-2201
Raymundo Maggio,1234-2121-1221-1211
Dr. Blaise Abernathy,1211-1221-1234-2201
Lou Tremblay,1228-1221-1221-1431
Hal Runolfsson IV,1234-2121-1221-1211
Lauryn Kemmer,1234-2121-1221-1211
Damien Wolf,1211-1221-1234-2201
Cristal Boyle,1234-2121-1221-1211
Tracey VonRueden II,1234-2121-1221-1211
Arno Collier V,1228-1221-1221-1431
Nayeli Howell V,1212-1221-1121-1234
Caleb Quitzon,1234-2121-1221-1211
Newell McCullough,1234-2121-1221-1211
Alec Kuhn,1212-1221-1121-1234
Anika Spencer,1212-1221-1121-1234
Ms. Winona Kling,1211-1221-1234-2201
Piper Gislason,1211-1221-1234-2201
Davonte Weimann,1212-1221-1121-1234
Madalyn Torphy,1234-2121-1221-1211
Thad Sawayn,1212-1221-1121-1234
Kobe Swift,1228-1221-1221-1431
Merritt Gutmann,1211-1221-1234-2201
Mrs. Burnice Rodriguez,1228-1221-1221-1431
Omer Kunze Jr.,1211-1221-1234-2201
Helmer Jast,1211-1221-1234-2201
Neva Yost V,1228-1221-1221-1431
Selina Tremblay,1212-1221-1121-1234
Eudora Emmerich,1211-1221-1234-2201
Aiden D'Amore V,1212-1221-1121-1234
Robyn Predovic III,1211-1221-1234-2201
Braxton Oberbrunner,1228-1221-1221-1431
Clementine Eichmann,1228-1221-1221-1431
Margarette Kovacek I,1228-1221-1221-1431
Vena Kuhic,1212-1221-1121-1234
Hayden Farrell,1234-2121-1221-1211
Madaline Koss,1234-2121-1221-1211
Dr. Lesley O'Conner,1234-2121-1221-1211
Stevie Ratke,1212-1221-1121-1234
Cicero Donnelly,1212-1221-1121-1234
Ashlynn Crist DVM,1211-1221-1234-2201
Joey Goldner,1234-2121-1221-1211
Kiara Rohan,1234-2121-1221-1211
Eloisa Stroman,1234-2121-1221-1211
Brittany O'Conner,1211-1221-1234-2201
Dr. Frederik Mills,1211-1221-1234-2201
Maximillia Weimann,1228-1221-1221-1431
Ms. Avis Bashirian,1211-1221-1234-2201
Jayde Hegmann,1228-1221-1221-1431
Zelda Blick DVM,1212-1221-1121-1234
Miss Dock Leuschke,1212-1221-1121-1234
Alize Howell Jr.,1234-2121-1221-1211
Kade Treutel,1211-1221-1234-2201
Mr. Kenya Gusikowski,1234-2121-1221-1211
Vivien Adams,1228-1221-1221-1431
Cloyd Kshlerin,1212-1221-1121-1234
Loren Haag DDS,1234-2121-1221-1211
Christina Bins,1211-1221-1234-2201
Agustin Daniel,1211-1221-1234-2201
Bertha Ferry,1234-2121-1221-1211
Lelah McClure MD,1234-2121-1221-1211
Elfrieda Hyatt,1211-1221-1234-2201
Monica Heller,1212-1221-1121-1234
Jamaal Dickens,1212-1221-1121-1234
Miss Duane Block,1211-1221-1234-2201
Richmond Ratke,1212-1221-1121-1234
Lexie Bayer,1228-1221-1221-1431
Lorenzo Durgan,1228-1221-1221-1431
Reese Hickle,1211-1221-1234-2201
Ms. Kameron Morar,1228-1221-1221-1431
Dr. Amira Dickens,1234-2121-1221-1211
Christina Gerhold,1234-2121-1221-1211
Mrs. Aurore Kihn,1228-1221-1221-1431
Camille Goldner,1212-1221-1121-1234
Ms. Michael Torp,1212-1221-1121-1234
Clarabelle Zieme,1228-1221-1221-1431
Coy Kunze,1211-1221-1234-2201
Clemmie Carter,1228-1221-1221-1431
Baylee Bogisich,1212-1221-1121-1234
Katlynn Wisozk I,1228-1221-1221-1431
Kendrick Larkin,1228-1221-1221-1431
Jessyca Heathcote,1234-2121-1221-1211
Mr. Jerad Purdy,1228-1221-1221-1431
Virgie Tremblay,1234-2121-1221-1211
Robin Schulist I,1228-1221-1221-1431
Veronica Turner,1211-1221-1234-2201
Miss Benedict O'Conner,1211-1221-1234-2201
Judge Rodriguez MD,1211-1221-1234-2201
Dr. Violet Will,1228-1221-1221-1431
Anastasia Hermann IV,1234-2121-1221-1211
Oscar Fay,1211-1221-1234-2201
Mozelle Volkman,1228-1221-1221-1431
May Lindgren II,1212-1221-1121-1234
Ms. Jordyn Hegmann,1234-2121-1221-1211
Russell Weimann,1211-1221-1234-2201
Joseph Lakin,1211-1221-1234-2201
Frederick Reichert,1212-1221-1121-1234
Carrie Schaden,1234-2121-1221-1211
Easton Pfeffer,1234-2121-1221-1211
Aletha Hyatt,1211-1221-1234-2201
Hulda Botsford,1211-1221-1234-2201
Oswaldo Auer I,1212-1221-1121-1234
Kaylie Parisian II,1211-1221-1234-2201
Ms. Johnpaul Murazik,1228-1221-1221-1431
Rosalia Bergstrom,1234-2121-1221-1211
Linnea Hilll,1211-1221-1234-2201
Javonte Goldner,1228-1221-1221-1431
Porter Bosco,1212-1221-1121-1234
Jennyfer Beer III,1234-2121-1221-1211
Jaden Hansen,1212-1221-1121-1234
Mrs. Reese Lakin,1212-1221-1121-1234
Cara Leffler I,1234-2121-1221-1211
Monica Windler,1211-1221-1234-2201
Jordy Corwin,1234-2121-1221-1211
Erik Lang,1234-2121-1221-1211
Dr. Jacques MacGyver,1211-1221-1234-2201
Freddie Gerhold,1228-1221-1221-1431
Treva Ondricka,1212-1221-1121-1234
Jeramie Hermann,1211-1221-1234-2201
Miss River Bahringer,1228-1221-1221-1431
Ms. Lupe Tromp,1212-1221-1121-1234
Marcel Swaniawski,1211-1221-1234-2201
Bertrand Davis,1234-2121-1221-1211
Dr. Cruz Watsica,1228-1221-1221-1431
May Bernier,1212-1221-1121-1234
Susana Halvorson,1211-1221-1234-2201
Lowell Mann,1212-1221-1121-1234
Jordyn Glover,1228-1221-1221-1431
Mrs. Heath Wuckert,1234-2121-1221-1211
Rahul Little II,1212-1221-1121-1234
Misael Jones Sr.,1234-2121-1221-1211
Ernie Kozey,1211-1221-1234-2201
Archibald Hyatt IV,1211-1221-1234-2201
Jada Gislason,1211-1221-1234-2201
Shanel Prohaska,1212-1221-1121-1234
Martina Labadie,1211-1221-1234-2201
Keshaun Yost,1228-1221-1221-1431
Alice Berge,1211-1221-1234-2201
Noemy Auer,1234-2121-1221-1211
Aracely Quitzon,1211-1221-1234-2201
Alberta Thompson,1212-1221-1121-1234
Pinkie Hartmann,1211-1221-1234-2201
Madelyn Senger Sr.,1211-1221-1234-2201
Misty Champlin,1211-1221-1234-2201
Morton Dickens,1228-1221-1221-1431
Brittany Muller,1234-2121-1221-1211
Miss Landen Wolf,1234-2121-1221-1211
Ron Batz,1228-1221-1221-1431
Gwen Weber,1228-1221-1221-1431
Jakayla Jaskolski,1212-1221-1121-1234
Rosanna Wuckert,1234-2121-1221-1211
Lyla Lakin,1211-1221-1234-2201
Mr. Marianne Vandervort,1228-1221-1221-1431
Adan Wolf,1212-1221-1121-1234
Ressie Lindgren,1234-2121-1221-1211
Henderson Lakin,1228-1221-1221-1431
Tyree Heller II,1211-1221-1234-2201
Clair Towne,1212-1221-1121-1234
Dr. Oceane Kertzmann,1228-1221-1221-1431
Ms. Maiya Goyette,1211-1221-1234-2201
Dr. Kobe Ward,1211-1221-1234-2201
Robb Durgan,1211-1221-1234-2201
Bret Veum,1234-2121-1221-1211
Bradly Spinka,1234-2121-1221-1211
Raleigh Morissette,1228-1221-1221-1431
Mrs. Fleta Rippin,1211-1221-1234-2201
Aiyana Marks,1211-1221-1234-2201
Renee Littel III,1228-1221-1221-1431
Mrs. Nicolas Lebsack,1228-1221-1221-1431
Antonina Hills Jr.,1234-2121-1221-1211
Augustine Senger,1234-2121-1221-1211
Mrs. Lucious Kihn,1228-1221-1221-1431
Madyson Rippin Jr.,1211-1221-1234-2201
Russel Murray,1234-2121-1221-1211
Daphney Larkin II,1228-1221-1221-1431
Ethelyn Corwin,1234-2121-1221-1211
Lucinda Hane,1212-1221-1121-1234
Shirley Wintheiser,1211-1221-1234-2201
Dr. Americo Ernser,1211-1221-1234-2201
Wilton Predovic,1234-2121-1221-1211
Gregorio Bartoletti,1212-1221-1121-1234
Carolanne Hayes,1211-1221-1234-2201
Kellen Rohan,1234-2121-1221-1211
Robyn Deckow,1228-1221-1221-1431
Ned Carroll,1234-2121-1221-1211
Miss Whitney Daugherty,1211-1221-1234-2201
Stacy Heidenreich,1234-2121-1221-1211
Justen Abernathy,1212-1221-1121-1234
Darby Conroy,1228-1221-1221-1431
Adelbert Jaskolski,1234-2121-1221-1211
Margret Deckow,1211-1221-1234-2201
Adriana Strosin II,1234-2121-1221-1211
Ross Gulgowski,1228-1221-1221-1431
Estrella Langworth,1228-1221-1221-1431
Santiago Blick,1211-1221-1234-2201
Clifton Jakubowski DVM,1234-2121-1221-1211
Aaron Bergstrom,1211-1221-1234-2201
Giuseppe Adams III,1212-1221-1121-1234
Gay Gutmann,1211-1221-1234-2201
Miss Antwon Wuckert,1228-1221-1221-1431
Melisa Frami,1228-1221-1221-1431
Randy Corkery,1234-2121-1221-1211
Floy Christiansen,1212-1221-1121-1234
Dell Williamson,1234-2121-1221-1211
Hildegard Hegmann,1211-1221-1234-2201
Lane Goodwin,1212-1221-1121-1234
Mrs. Jaleel DuBuque,1211-1221-1234-2201
Mr. Krystel McDermott,1211-1221-1234-2201
Corrine Gibson I,1212-1221-1121-1234
Elda Eichmann MD,1212-1221-1121-1234
Dr. Clarissa Bashirian,1212-1221-1121-1234
Ms. Grover Hamill,1234-2121-1221-1211
Collin Bosco,1212-1221-1121-1234
Estell Steuber,1211-1221-1234-2201
Bartholome Boyle,1212-1221-1121-1234
Everardo Kulas,1234-2121-1221-1211
Hilario Berge,1228-1221-1221-1431
Elisabeth Wisozk,1234-2121-1221-1211
Tommie Hickle,1228-1221-1221-1431
Barrett Gottlieb,1228-1221-1221-1431
Travis McKenzie PhD,1234-2121-1221-1211
Ms. Sandy Klocko,1228-1221-1221-1431
Mrs. Alex Herzog,1212-1221-1121-1234
Chyna Pollich,1228-1221-1221-1431
Nicholaus Spinka,1228-1221-1221-1431
Haley Rice,1212-1221-1121-1234
Laurianne Becker,1234-2121-1221-1211
Madison Lockman,1211-1221-1234-2201
Ms. Tito Gorczany,1211-1221-1234-2201
Levi Torphy,1228-1221-1221-1431
Dr. Bo Murazik,1212-1221-1121-1234
Aubree Bode,1234-2121-1221-1211
Dr. Kariane Bode,1211-1221-1234-2201
Pete Grant,1211-1221-1234-2201
Jamal Berge,1228-1221-1221-1431
Briana Hessel DVM,1228-1221-1221-1431
Loy Kuhic,1211-1221-1234-2201
Isom Larkin,1228-1221-1221-1431
Stacy Terry,1234-2121-1221-1211
Luna Gutkowski DDS,1234-2121-1221-1211
Tierra Roob,1234-2121-1221-1211
Dexter Romaguera,1211-1221-1234-2201
Jairo Hahn,1234-2121-1221-1211
Rowena Steuber,1234-2121-1221-1211
Mrs. Marta Collins,1212-1221-1121-1234
Claud Baumbach Sr.,1228-1221-1221-1431
Delfina O'Reilly,1228-1221-1221-1431
Mrs. Benny Rolfson,1212-1221-1121-1234
Carleton Lowe,1234-2121-1221-1211
Izaiah Nader,1212-1221-1121-1234
Jeanie Schaefer,1228-1221-1221-1431
Lukas Barrows,1234-2121-1221-1211
Miss Dereck Prohaska,1228-1221-1221-1431
Desiree Sauer,1212-1221-1121-1234
Miss Jeff Howe,1211-1221-1234-2201
Miss Gust Jaskolski,1228-1221-1221-1431
Mathew Bergnaum,1234-2121-1221-1211
America Jacobs,1228-1221-1221-1431
Tyshawn Bode,1234-2121-1221-1211
Cade Wintheiser V,1228-1221-1221-1431
Marco McGlynn,1212-1221-1121-1234
Robin Stamm,1211-1221-1234-2201
Anahi Halvorson,1234-2121-1221-1211
Rowland Buckridge,1211-1221-1234-2201
America Frami,1234-2121-1221-1211
Austen Ruecker,1212-1221-1121-1234
Gavin Sporer Sr.,1212-1221-1121-1234
Arvilla Abshire,1228-1221-1221-1431
Pinkie Renner Sr.,1234-2121-1221-1211
Rosetta Daugherty II,1211-1221-1234-2201
Dr. Cameron Eichmann,1234-2121-1221-1211
Ewell White MD,1211-1221-1234-2201
Lesley Hills,1212-1221-1121-1234
Geovanny Kuhn,1228-1221-1221-1431
Roxanne Rau,1212-1221-1121-1234
Dr. Newton Reilly,1228-1221-1221-1431
Jamey Mraz,1228-1221-1221-1431
Golda Beahan,1211-1221-1234-2201
Athena Spinka,1228-1221-1221-1431
Santos Ledner Jr.,1228-1221-1221-1431
Levi Lockman,1212-1221-1121-1234
Jon Gutkowski PhD,1228-1221-1221-1431
Stanley Kuvalis,1234-2121-1221-1211
Franco Nitzsche,1234-2121-1221-1211
Ellen Kertzmann,1212-1221-1121-1234
Isobel Russel,1212-1221-1121-1234
Shemar Abshire,1228-1221-1221-1431
Dr. Erik Volkman,1234-2121-1221-1211
Nelda Buckridge,1212-1221-1121-1234
Clay Mueller,1228-1221-1221-1431
Porter Kozey Jr.,1234-2121-1221-1211
Mr. Howell Auer,1228-1221-1221-1431
Gordon Stracke,1212-1221-1121-1234
Brigitte Funk,1228-1221-1221-1431
Mrs. Emiliano Kertzmann,1211-1221-1234-2201
Norval Willms,1212-1221-1121-1234
Felicity Zieme,1234-2121-1221-1211
Rodolfo Wilderman,1234-2121-1221-1211
Shad Becker,1228-1221-1221-1431
Hermina Thiel PhD,1234-2121-1221-1211
Brett Kunde,1211-1221-1234-2201
Herminia Sawayn DVM,1211-1221-1234-2201
Mrs. Mazie Metz,1234-2121-1221-1211
Tia Batz,1212-1221-1121-1234
Mavis Thiel,1234-2121-1221-1211
Ms. Ashton Glover,1228-1221-1221-1431
Bailey Mohr,1228-1221-1221-1431
Nicolas Walsh,1228-1221-1221-1431
Lucile Lang,1212-1221-1121-1234
Harmon O'Conner,1211-1221-1234-2201
Cecil Lemke,1234-2121-1221-1211
Adrianna Kilback Sr.,1211-1221-1234-2201
Lonnie Christiansen II,1211-1221-1234-2201
Scottie Rath PhD,1228-1221-1221-1431
Porter Murazik,1211-1221-1234-2201
Mr. Elvera Metz,1228-1221-1221-1431
Sofia Schmitt,1228-1221-1221-1431
Ms. Weston Yundt,1212-1221-1121-1234
Shaylee Muller,1211-1221-1234-2201
Mrs. May Kassulke,1212-1221-1121-1234
Julian Considine Jr.,1228-1221-1221-1431
Dr. Kane Schamberger,1234-2121-1221-1211
Lorena Heaney,1228-1221-1221-1431
Dr. Eldon Luettgen,1234-2121-1221-1211
Kurtis Howell,1211-1221-1234-2201
Gardner Goyette,1228-1221-1221-1431
Raquel McGlynn,1228-1221-1221-1431
Miss Lucious Pacocha,1228-1221-1221-1431
Providenci Rolfson,1234-2121-1221-1211
Tiffany Boyle,1211-1221-1234-2201
Elnora Botsford,1212-1221-1121-1234
Icie Wilkinson,1234-2121-1221-1211
Lyla Schultz IV,1212-1221-1121-1234
Guillermo Romaguera,1234-2121-1221-1211
Amos Rodriguez Jr.,1212-1221-1121-1234
Dr. Ricardo Huels,1211-1221-1234-2201
Erin Lang,1212-1221-1121-1234
Kurt Feest,1211-1221-1234-2201
Mrs. Guy Hilll,1228-1221-1221-1431
Esta Zboncak,1228-1221-1221-1431
Erwin Turcotte,1212-1221-1121-1234
Braeden Waters,1211-1221-1234-2201
Luigi Walter,1234-2121-1221-1211
Zachary Jaskolski DVM,1234-2121-1221-1211
Edythe Herman,1234-2121-1221-1211
Griffin Schoen,1211-1221-1234-2201
Remington McKenzie,1228-1221-1221-1431
Vella Grimes,1211-1221-1234-2201
Hassie Ondricka,1234-2121-1221-1211
Cecelia O'Reilly V,1212-1221-1121-1234
Ignacio Kuvalis,1234-2121-1221-1211
Aric Lesch DVM,1211-1221-1234-2201
Garrison Mueller,1228-1221-1221-1431
Dr. Elbert Bins,1228-1221-1221-1431
Javon D'Amore DVM,1212-1221-1121-1234
Iva Douglas PhD,1211-1221-1234-2201
Nelle Casper Jr.,1234-2121-1221-1211
Aylin Effertz V,1234-2121-1221-1211
Madalyn Mayer,1212-1221-1121-1234
Berenice Waters,1234-2121-1221-1211
Ettie Reinger,1234-2121-1221-1211
Anibal Jacobi DVM,1228-1221-1221-1431
Rosemary Murazik,1234-2121-1221-1211
Jack Howe,1234-2121-1221-1211
Dr. Jayda Kohler,1234-2121-1221-1211
Burley Paucek,1234-2121-1221-1211
Darron Hermann,1234-2121-1221-1211
Ottilie Von II,1228-1221-1221-1431
Vada Hansen,1211-1221-1234-2201
Arden Rowe III,1212-1221-1121-1234
Janae Stracke,1211-1221-1234-2201
Tyler Luettgen,1211-1221-1234-2201
Carlo Kilback,1234-2121-1221-1211
Eileen Steuber,1212-1221-1121-1234
Tierra Hamill I,1212-1221-1121-1234
Sylvester Barrows,1211-1221-1234-2201
Conner Spinka,1211-1221-1234-2201
Pablo Koch IV,1211-1221-1234-2201
Melba Marquardt,1234-2121-1221-1211
Niko Heller DDS,1228-1221-1221-1431
Rosalind Parker IV,1228-1221-1221-1431
Tamia Von IV,1212-1221-1121-1234
Rosalee Treutel,1228-1221-1221-1431
Haleigh Denesik,1234-2121-1221-1211
Titus Emard,1212-1221-1121-1234
Sierra McKenzie IV,1234-2121-1221-1211
Cameron Parisian,1234-2121-1221-1211
Rick Stoltenberg,1212-1221-1121-1234
Kelli Nader,1234-2121-1221-1211
Yvonne Mante,1234-2121-1221-1211
Giovanna Kuphal MD,1211-1221-1234-2201
Lyric Fay,1228-1221-1221-1431
Kaci Kulas MD,1228-1221-1221-1431
America O'Hara,1212-1221-1121-1234
Carter Boyle,1228-1221-1221-1431
Shanon Runte,1228-1221-1221-1431
Demarcus Zboncak,1234-2121-1221-1211
Clemens Casper,1211-1221-1234-2201
Delores Schoen DDS,1211-1221-1234-2201
Kitty Yost,1211-1221-1234-2201
Piper Abernathy,1228-1221-1221-1431
Mina Hegmann,1228-1221-1221-1431
Mariah Steuber,1234-2121-1221-1211
Reina Balistreri,1211-1221-1234-2201
Brycen Padberg,1234-2121-1221-1211
Florian Kutch PhD,1211-1221-1234-2201
Miss Estelle Pollich,1211-1221-1234-2201
Cecelia King Jr.,1228-1221-1221-1431
Jerry O'Reilly,1234-2121-1221-1211
Allison O'Connell,1211-1221-1234-2201
Alden Mayer,1234-2121-1221-1211
Miss Scotty Wintheiser,1212-1221-1121-1234
Orrin Klocko III,1228-1221-1221-1431
Alan Wisozk,1234-2121-1221-1211
Erwin Reilly,1228-1221-1221-1431
Berta Koch,1234-2121-1221-1211
Shemar Okuneva III,1234-2121-1221-1211
Mrs. Sigmund Jacobs,1228-1221-1221-1431
Morton Treutel,1234-2121-1221-1211
Sophia Wilderman,1228-1221-1221-1431
Brendan Gibson,1234-2121-1221-1211
Layne Feil,1211-1221-1234-2201
Jessyca Keeling Sr.,1212-1221-1121-1234
Brenda Feest I,1211-1221-1234-2201
Earline Schmitt,1211-1221-1234-2201
Wayne Hermann,1234-2121-1221-1211
Jerod Mueller,1234-2121-1221-1211
Estell Gleason,1228-1221-1221-1431
Otho Dietrich,1212-1221-1121-1234
Elise O'Reilly,1212-1221-1121-1234
Clifford Watsica,1228-1221-1221-1431
Yadira Kris,1211-1221-1234-2201
Jackson Bernhard PhD,1212-1221-1121-1234
Frances Langosh,1228-1221-1221-1431
Francis Conn,1212-1221-1121-1234
Miss Adaline Conn,1212-1221-1121-1234
Ethan Cassin,1234-2121-1221-1211
Ahmed Mohr III,1228-1221-1221-1431
Mr. Keagan Kerluke,1234-2121-1221-1211
Mr. Erich Dietrich,1212-1221-1121-1234
Kyler Fritsch,1211-1221-1234-2201
Rex Grady II,1234-2121-1221-1211
Kirstin Waelchi Jr.,1212-1221-1121-1234
Danielle Steuber I,1212-1221-1121-1234
Miss Meda Dach,1212-1221-1121-1234
Zetta Cronin,1212-1221-1121-1234
Carson O'Conner,1234-2121-1221-1211
Mertie Schulist,1234-2121-1221-1211
Sven Maggio,1212-1221-1121-1234
Mrs. Joelle Wisoky,1228-1221-1221-1431
Junior Deckow,1212-1221-1121-1234
Ms. Itzel Cormier,1211-1221-1234-2201
Cordie Pouros,1212-1221-1121-1234
Lukas Senger,1211-1221-1234-2201
Eldora Jacobi V,1234-2121-1221-1211
Irma Hartmann,1234-2121-1221-1211
Mattie Stiedemann,1212-1221-1121-1234
Christopher Gerlach,1211-1221-1234-2201
Aylin Reilly,1234-2121-1221-1211
Miss Jared Muller,1211-1221-1234-2201
Chet Wiza,1211-1221-1234-2201
Toni Mohr,1211-1221-1234-2201
Gavin Conroy,1212-1221-1121-1234
Axel Dicki Sr.,1212-1221-1121-1234
Taryn Gusikowski,1228-1221-1221-1431
Lurline Muller,1234-2121-1221-1211
Cielo Hintz,1228-1221-1221-1431
Dr. Kali Stiedemann,1211-1221-1234-2201
Katarina Stracke,1234-2121-1221-1211
Miss Tia Prosacco,1234-2121-1221-1211
Holly Beier,1211-1221-1234-2201
Bart Nicolas,1212-1221-1121-1234
Shany Donnelly,1228-1221-1221-1431
Chandler Gerlach III,1211-1221-1234-2201
Kiarra Konopelski,1234-2121-1221-1211
Dorthy Cummerata,1228-1221-1221-1431
Elsa Brekke MD,1234-2121-1221-1211
Octavia Boyle,1234-2121-1221-1211
Ms. Delia Kuvalis,1212-1221-1121-1234
Christop Nienow,1234-2121-1221-1211
Kristofer Beier,1234-2121-1221-1211
Harrison Hudson,1211-1221-1234-2201
Godfrey Stokes,1228-1221-1221-1431
Kirsten Rogahn,1211-1221-1234-2201
Abigayle Romaguera,1212-1221-1121-1234
Ms. Joesph Dare,1228-1221-1221-1431
Josie Toy,1234-2121-1221-1211
Alisa Nikolaus,1234-2121-1221-1211
Annamae Casper,1211-1221-1234-2201
Marjorie Hintz,1228-1221-1221-1431
Rodrick Kertzmann,1234-2121-1221-1211
Hardy Mohr DDS,1228-1221-1221-1431
Mrs. Adella Thiel,1228-1221-1221-1431
Presley Erdman,1234-2121-1221-1211
Catalina Ledner DVM,1211-1221-1234-2201
Autumn Connelly,1228-1221-1221-1431
Rey Hills,1228-1221-1221-1431
Lillian Considine,1212-1221-1121-1234
Arno Farrell,1228-1221-1221-1431
Malcolm Paucek,1212-1221-1121-1234
Brandon Harvey,1211-1221-1234-2201
Jannie Gorczany Sr.,1234-2121-1221-1211
Katheryn Walter,1211-1221-1234-2201
Dr. Ned Roob,1234-2121-1221-1211
Terry Hintz,1211-1221-1234-2201
Miss Madisyn Eichmann,1234-2121-1221-1211
Miss Linnie Gerlach,1212-1221-1121-1234
Humberto Schumm,1211-1221-1234-2201
Gianni White,1228-1221-1221-1431
Jose Block,1211-1221-1234-2201
Korey Kozey,1228-1221-1221-1431
Carlo Carter I,1228-1221-1221-1431
Ethel Hintz,1211-1221-1234-2201
Miss Martin Hintz,1211-1221-1234-2201
Meghan Yundt,1234-2121-1221-1211
Hulda Torp,1212-1221-1121-1234
Cora Kulas,1211-1221-1234-2201
Noemy Kub II,1234-2121-1221-1211
Miss Marjory Wunsch,1212-1221-1121-1234
Mrs. Jayda Schuster,1234-2121-1221-1211
Hoyt O'Hara,1228-1221-1221-1431
Vernon Larson,1234-2121-1221-1211
Jennifer Hane,1212-1221-1121-1234
Lemuel Trantow,1212-1221-1121-1234
Rex Lynch,1212-1221-1121-1234
Lavada Torphy DVM,1234-2121-1221-1211
Jolie Krajcik,1228-1221-1221-1431
Helen Upton,1211-1221-1234-2201
Robb Ferry,1211-1221-1234-2201
Deonte MacGyver,1212-1221-1121-1234
Ms. Michale Jerde,1228-1221-1221-1431
Nia MacGyver,1212-1221-1121-1234
Mr. Antonette Mante,1212-1221-1121-1234
Miss Lavada Blanda,1234-2121-1221-1211
Alexys Kunze,1212-1221-1121-1234
Kelley Kuphal,1211-1221-1234-2201
Kenton Koch,1234-2121-1221-1211
Dr. Bradford Predovic,1234-2121-1221-1211
Laisha Ziemann,1234-2121-1221-1211
Andy Hahn,1228-1221-1221-1431
Thora Kautzer,1212-1221-1121-1234
Chris Torp,1234-2121-1221-1211
Burley Denesik Jr.,1212-1221-1121-1234
Mafalda Reichert,1212-1221-1121-1234
Chelsie Kovacek,1228-1221-1221-1431
Miss Dale Feest,1234-2121-1221-1211
Faustino Hudson V,1228-1221-1221-1431
Savanna Abshire,1234-2121-1221-1211
Ms. Shannon Rogahn,1234-2121-1221-1211
Miss Kirk Jaskolski,1212-1221-1121-1234
Marcelle Quigley,1228-1221-1221-1431
Mrs. Ralph Spinka,1212-1221-1121-1234
Cary Howell,1211-1221-1234-2201
Zechariah Nikolaus,1212-1221-1121-1234
Mrs. Susie Ondricka,1211-1221-1234-2201
Shyanne Schowalter,1211-1221-1234-2201
Lexi Kirlin,1234-2121-1221-1211
Ms. Charley Crona,1211-1221-1234-2201
Amely Wehner,1211-1221-1234-2201
Camryn Runolfsdottir MD,1212-1221-1121-1234
Tanya Monahan,1234-2121-1221-1211
Lauren Hudson III,1228-1221-1221-1431
Francisca Mann,1234-2121-1221-1211
Beryl Crist III,1228-1221-1221-1431
Mrs. Lavina Pouros,1211-1221-1234-2201
Eunice Muller DVM,1228-1221-1221-1431
Rogers Gusikowski IV,1234-2121-1221-1211
Alysa Bayer PhD,1234-2121-1221-1211
Zena Deckow DVM,1228-1221-1221-1431
Shaylee Moore,1228-1221-1221-1431
Arianna Bayer,1234-2121-1221-1211
Alejandra Kshlerin,1211-1221-1234-2201
Presley Cremin,1211-1221-1234-2201
Kennith Feil I,1212-1221-1121-1234
Jaquelin Klocko,1212-1221-1121-1234
Jillian Bode,1234-2121-1221-1211
Michale Kunze,1228-1221-1221-1431
Selina Smitham,1212-1221-1121-1234
Stella Kertzmann,1211-1221-1234-2201
Ms. Mustafa White,1212-1221-1121-1234
Chandler Boehm,1212-1221-1121-1234
Ewell Johns Sr.,1212-1221-1121-1234
Eddie Jaskolski,1211-1221-1234-2201
Ms. Elinor Wilderman,1234-2121-1221-1211
Lonnie Swift,1212-1221-1121-1234
Maryjane Lueilwitz,1234-2121-1221-1211
Allen Gerlach,1212-1221-1121-1234
Mrs. Santos Botsford,1212-1221-1121-1234
Margarita Spencer,1228-1221-1221-1431
Jerod Waelchi,1211-1221-1234-2201
Jude Boehm,1234-2121-1221-1211
Cruz Haley,1212-1221-1121-1234
Daniela Robel IV,1234-2121-1221-1211
Anahi Pfannerstill,1212-1221-1121-1234
Miss Antonia Kuhic,1228-1221-1221-1431
Lucinda Miller,1212-1221-1121-1234
Mrs. Cecil Mayert,1212-1221-1121-1234
Meredith Lubowitz,1234-2121-1221-1211
Francesca Collins,1211-1221-1234-2201
Hassie Cormier,1212-1221-1121-1234
Eliezer Reichel PhD,1228-1221-1221-1431
Iva Schimmel,1212-1221-1121-1234
Mrs. Zoe Jacobs,1212-1221-1121-1234
Dameon Gusikowski,1234-2121-1221-1211
Donald Bahringer PhD,1211-1221-1234-2201
Gustave Sanford,1211-1221-1234-2201
Leatha Bergstrom,1234-2121-1221-1211
Litzy Nikolaus,1228-1221-1221-1431
Breanne Larkin,1211-1221-1234-2201
Izabella Shields,1211-1221-1234-2201
Katelyn Johnson I,1234-2121-1221-1211
Lance Crona,1234-2121-1221-1211
Leatha Cummerata,1212-1221-1121-1234
Ms. Devon Mante,1211-1221-1234-2201
Ms. Melany Reinger,1211-1221-1234-2201
Dedric Mayer I,1234-2121-1221-1211
Beau Muller DDS,1228-1221-1221-1431
Dr. Brady Bogisich,1234-2121-1221-1211
Mitchell Wiza,1212-1221-1121-1234
Jettie Wintheiser,1234-2121-1221-1211
Celia Willms,1212-1221-1121-1234
Fred Osinski,1228-1221-1221-1431
Kamron Brown,1228-1221-1221-1431
Leo Walsh,1234-2121-1221-1211
Keely Kovacek,1211-1221-1234-2201
Mr. Jocelyn Keebler,1234-2121-1221-1211
Brittany Feil,1211-1221-1234-2201
Mrs. Sonny Deckow,1228-1221-1221-1431
Marietta Feeney,1211-1221-1234-2201
Jazmin Murphy,1212-1221-1121-1234
Brendan Walter,1211-1221-1234-2201
Mariane Hessel,1211-1221-1234-2201
Taya Paucek,1212-1221-1121-1234
Nadia Franecki,1211-1221-1234-2201
Kayla Dickinson,1211-1221-1234-2201
General Grimes,1211-1221-1234-2201
Ericka Franecki,1228-1221-1221-1431
Adolfo Windler,1211-1221-1234-2201
Domenic Haley Jr.,1228-1221-1221-1431
Anabelle Streich Sr.,1228-1221-1221-1431
Tomas Price,1228-1221-1221-1431
Mossie Windler,1212-1221-1121-1234
Clotilde Johns,1211-1221-1234-2201
Mr. Afton Bailey,1211-1221-1234-2201
Jocelyn Hauck,1211-1221-1234-2201
Mr. Daron Little,1212-1221-1121-1234
Kaylie Gaylord,1228-1221-1221-1431
Elouise Kuhn PhD,1234-2121-1221-1211
Cade Breitenberg,1228-1221-1221-1431
Catherine Hammes MD,1234-2121-1221-1211
Aditya Keeling,1211-1221-1234-2201
Meda Stiedemann Jr.,1234-2121-1221-1211
Mckayla Berge,1212-1221-1121-1234
Delphine Cronin,1234-2121-1221-1211
Laverne Barrows,1228-1221-1221-1431
Dr. Delphine Swift,1228-1221-1221-1431
Gia Huels DVM,1228-1221-1221-1431
Victor Dibbert II,1211-1221-1234-2201
Ernesto Kshlerin IV,1234-2121-1221-1211
Macie Howell V,1211-1221-1234-2201
Charley Ortiz DVM,1212-1221-1121-1234
Gisselle Rohan III,1234-2121-1221-1211
Dennis Considine,1234-2121-1221-1211
Stephania Cartwright,1234-2121-1221-1211
Jalon Reynolds IV,1228-1221-1221-1431
Dr. Frederic Toy,1234-2121-1221-1211
Mrs. Janis Harber,1234-2121-1221-1211
Alice Pagac,1211-1221-1234-2201
Axel Waters,1211-1221-1234-2201
Kiley Gulgowski,1212-1221-1121-1234
Nona Daniel,1211-1221-1234-2201
Mrs. Roel Jacobs,1234-2121-1221-1211
Shanie Trantow,1211-1221-1234-2201
Miss Elvis Jacobs,1211-1221-1234-2201
Aracely Green,1228-1221-1221-1431
Kiel Jacobs,1212-1221-1121-1234
Markus Hoppe III,1211-1221-1234-2201
Mathilde Borer,1211-1221-1234-2201
Hector Weissnat,1228-1221-1221-1431
Liam Hermann,1228-1221-1221-1431
Devyn Monahan,1234-2121-1221-1211
Maybelle Kohler,1211-1221-1234-2201
Ike McGlynn II,1228-1221-1221-1431
Marlin Fadel,1211-1221-1234-2201
Mrs. Tavares Kovacek,1212-1221-1121-1234
Bertrand Marvin,1228-1221-1221-1431
Reba Bechtelar,1212-1221-1121-1234
Martina Douglas MD,1212-1221-1121-1234
Mr. Maximo Hettinger,1234-2121-1221-1211
Brianne Schmitt,1211-1221-1234-2201
Simone Rau,1211-1221-1234-2201
Pedro Pouros,1211-1221-1234-2201
Chesley Jacobs,1228-1221-1221-1431
Mr. Joey Turner,1212-1221-1121-1234
Scarlett Schaefer,1234-2121-1221-1211
Domenic Willms I,1228-1221-1221-1431
Ms. Elena Conn,1228-1221-1221-1431
Telly Mraz,1211-1221-1234-2201
Miss Heather Douglas,1211-1221-1234-2201
Ed Fahey,1212-1221-1121-1234
Annette Stiedemann,1211-1221-1234-2201
Lauren Corwin MD,1228-1221-1221-1431
Hillard Medhurst,1211-1221-1234-2201
Arvilla Ruecker,1212-1221-1121-1234
Leonel Spinka DVM,1228-1221-1221-1431
Ms. Bulah Langosh,1234-2121-1221-1211
Zita Daniel,1212-1221-1121-1234
Miss Mike Bosco,1211-1221-1234-2201
Dr. Bella Ward,1234-2121-1221-1211
Annabell Rice,1228-1221-1221-1431
Ambrose Stokes,1234-2121-1221-1211
King Deckow,1211-1221-1234-2201
Delfina Romaguera,1228-1221-1221-1431
Jamir Bednar,1234-2121-1221-1211
Roma O'Conner,1212-1221-1121-1234
Daphnee Carter,1228-1221-1221-1431
Mr. Tyler Batz,1234-2121-1221-1211
Carolina Grimes,1212-1221-1121-1234
Abdullah Schamberger,1228-1221-1221-1431
Shany Toy DVM,1228-1221-1221-1431
Eloise Roob,1211-1221-1234-2201
Clinton Boehm,1212-1221-1121-1234
Doyle Bins,1228-1221-1221-1431
Ocie Lueilwitz,1228-1221-1221-1431
Danyka Hickle,1228-1221-1221-1431
Juliet Goyette,1234-2121-1221-1211
Mr. Milan Herzog,1212-1221-1121-1234
Meggie Gibson,1234-2121-1221-1211
Napoleon Yost,1234-2121-1221-1211
Laury Waters,1228-1221-1221-1431
Kayley Botsford MD,1212-1221-1121-1234
Mr. Edgar Homenick,1234-2121-1221-1211
Micheal Bruen,1234-2121-1221-1211
Jean Yost,1234-2121-1221-1211
Mrs. Ari Boehm,1212-1221-1121-1234
Dimitri Kohler,1234-2121-1221-1211
Mrs. Jedediah Harris,1234-2121-1221-1211
Kenny Thiel,1228-1221-1221-1431
Ethyl Mertz,1234-2121-1221-1211
Darby Roberts,1212-1221-1121-1234
Mrs. Maida DuBuque,1212-1221-1121-1234
Destinee Dickinson I,1228-1221-1221-1431
Dora Shanahan,1212-1221-1121-1234
Ericka Reinger,1234-2121-1221-1211
Katelyn Wisozk,1234-2121-1221-1211
Porter Spencer,1228-1221-1221-1431
Jamaal Watsica DVM,1211-1221-1234-2201
Ms. Vivien Kovacek,1212-1221-1121-1234
Robyn Ledner,1212-1221-1121-1234
Magdalena Swift Sr.,1234-2121-1221-1211
Vincent Moore,1228-1221-1221-1431
Melody Mosciski,1228-1221-1221-1431
Mr. Arnaldo Kemmer,1228-1221-1221-1431
Edna Zulauf III,1234-2121-1221-1211
Eulalia Osinski,1234-2121-1221-1211
Ms. Percival Dicki,1234-2121-1221-1211
Corine Larson,1211-1221-1234-2201
Andreane Hoppe,1211-1221-1234-2201
Dr. Tatum Renner,1212-1221-1121-1234
Dr. Carlos Treutel,1234-2121-1221-1211
Miss Terrance Kerluke,1212-1221-1121-1234
Phyllis Treutel,1228-1221-1221-1431
Helga Cruickshank,1211-1221-1234-2201
Percy Conn,1234-2121-1221-1211
Daphney Kuhn,1211-1221-1234-2201
Hayley Watsica IV,1211-1221-1234-2201
Mr. Orpha Reilly,1212-1221-1121-1234
Miguel Koepp Sr.,1228-1221-1221-1431
Jimmy Paucek,1228-1221-1221-1431
Breanne Smith,1228-1221-1221-1431
Mikayla Littel IV,1211-1221-1234-2201
Jasen Mitchell,1228-1221-1221-1431
Mauricio Hirthe,1228-1221-1221-1431
Joannie Tremblay,1234-2121-1221-1211
Heath Lesch,1234-2121-1221-1211
Alden Reinger,1228-1221-1221-1431
Janelle Konopelski III,1228-1221-1221-1431
Monserrat Glover,1228-1221-1221-1431
Darrell Wunsch Sr.,1228-1221-1221-1431
Abdul Connelly,1228-1221-1221-1431
Frank Abbott,1234-2121-1221-1211
Josephine Mosciski,1228-1221-1221-1431
Ryan Harris,1211-1221-1234-2201
Mr. Santiago Quitzon,1228-1221-1221-1431
Mr. Ruthe Shanahan,1228-1221-1221-1431
Christine Boehm,1234-2121-1221-1211
Federico Roberts,1228-1221-1221-1431
William Stark,1212-1221-1121-1234
Mrs. Benton Bosco,1234-2121-1221-1211
Clint Lehner,1234-2121-1221-1211
Skylar Ebert,1211-1221-1234-2201
Sigmund Doyle,1211-1221-1234-2201
Mr. Ofelia Brakus,1211-1221-1234-2201
Ms. Bernardo Sanford,1211-1221-1234-2201
Mrs. Jerald Treutel,1228-1221-1221-1431
Bria Koepp,1211-1221-1234-2201
Kaya Mayer,1234-2121-1221-1211
Jamar Lockman III,1234-2121-1221-1211
Brown Keebler,1228-1221-1221-1431
Miss Elta Grant,1211-1221-1234-2201
Reuben Bogan,1211-1221-1234-2201
Lois Lubowitz,1211-1221-1234-2201
Maryjane White PhD,1212-1221-1121-1234
Rolando Kutch,1212-1221-1121-1234
Ms. Delilah Blick,1228-1221-1221-1431
Dorcas Schaden,1234-2121-1221-1211
Mrs. Dianna Tremblay,1234-2121-1221-1211
Scotty Bradtke,1228-1221-1221-1431
Narciso Schaefer I,1234-2121-1221-1211
Scarlett Runolfsdottir DDS,1228-1221-1221-1431
Derrick Ebert,1228-1221-1221-1431
Alysson Beatty IV,1212-1221-1121-1234
Nicole Gutmann PhD,1212-1221-1121-1234
Lucinda Braun,1212-1221-1121-1234
Wilton Cole,1211-1221-1234-2201
Emelie Green,1234-2121-1221-1211
Krista Morissette DVM,1212-1221-1121-1234
Mrs. Catherine Treutel,1212-1221-1121-1234
Coleman Rolfson,1228-1221-1221-1431
Alva Macejkovic,1212-1221-1121-1234
Ernestina Greenfelder,1228-1221-1221-1431
Arnold Leannon I,1234-2121-1221-1211
Florine Conroy,1234-2121-1221-1211
Cade Nicolas,1234-2121-1221-1211
Mrs. Nicolas Kreiger,1234-2121-1221-1211
Buck Dibbert Jr.,1234-2121-1221-1211
Terrell Bernier,1211-1221-1234-2201
Stefan Greenfelder,1228-1221-1221-1431
Madison Orn,1212-1221-1121-1234
Josefa Murphy,1228-1221-1221-1431
Jerome Hamill,1228-1221-1221-1431
Ralph Bradtke,1228-1221-1221-1431
Owen Monahan,1211-1221-1234-2201
Eulalia Lehner,1211-1221-1234-2201
Alfreda Schamberger,1228-1221-1221-1431
Mr. Brandon Champlin,1228-1221-1221-1431
Kelly Farrell,1234-2121-1221-1211
Bell Schimmel,1234-2121-1221-1211
Hannah Schmeler,1228-1221-1221-1431
Ms. Joel Nikolaus,1234-2121-1221-1211
Freeda Goldner,1212-1221-1121-1234
Mrs. Crawford Keebler,1234-2121-1221-1211
Brionna Hagenes,1234-2121-1221-1211
Dax Brown,1212-1221-1121-1234
Kailey Blanda,1234-2121-1221-1211
Billie Greenholt,1228-1221-1221-1431
Mae Halvorson,1211-1221-1234-2201
Hailie Lockman MD,1234-2121-1221-1211
Rhoda Carter III,1234-2121-1221-1211
Graham Borer IV,1234-2121-1221-1211
Blaze Goldner,1212-1221-1121-1234
Desmond Haag,1211-1221-1234-2201
Harvey Kulas IV,1212-1221-1121-1234
Hipolito Balistreri,1212-1221-1121-1234
Miss Albert Wiegand,1234-2121-1221-1211
April Powlowski,1234-2121-1221-1211
Nakia Greenfelder I,1234-2121-1221-1211
Miss Alvina Hackett,1234-2121-1221-1211
Destinee Ortiz,1234-2121-1221-1211
Jalen Kreiger V,1212-1221-1121-1234
Ms. Donna White,1212-1221-1121-1234
Brown Stanton,1212-1221-1121-1234
Hailee Jast,1228-1221-1221-1431
Dr. Toby Carter,1228-1221-1221-1431
William Haag II,1211-1221-1234-2201
Troy Leuschke,1234-2121-1221-1211
Beryl Carroll,1228-1221-1221-1431
Anabel Beahan,1212-1221-1121-1234
Brandy Quigley,1234-2121-1221-1211
Yasmine Leuschke,1234-2121-1221-1211
Josie Gleichner,1212-1221-1121-1234
Brianne Rodriguez,1211-1221-1234-2201
Guillermo Langworth,1234-2121-1221-1211
Malcolm Heidenreich,1228-1221-1221-1431
Dion Rau,1228-1221-1221-1431
Liliane Abernathy,1234-2121-1221-1211
Darryl Hessel,1234-2121-1221-1211
Camron Strosin,1211-1221-1234-2201
Kiarra Swaniawski,1211-1221-1234-2201
Grayce Ryan Jr.,1234-2121-1221-1211
Talon Beer,1228-1221-1221-1431
Cleveland Heaney,1234-2121-1221-1211
Flavie Wilkinson I,1228-1221-1221-1431
Alexandrea Gislason,1228-1221-1221-1431
Madelyn Zulauf,1234-2121-1221-1211
Lyla Wolff,1228-1221-1221-1431
Lowell Kassulke,1234-2121-1221-1211
Cierra Schmidt V,1234-2121-1221-1211
Monserrat Volkman,1211-1221-1234-2201
Mr. Jeanette Wintheiser,1211-1221-1234-2201
Forrest Torp,1211-1221-1234-2201
Ulises Abbott,1212-1221-1121-1234
Aron Jast,1212-1221-1121-1234
Coty Roob,1211-1221-1234-2201
Antwon Upton DDS,1212-1221-1121-1234
Skylar Towne,1212-1221-1121-1234
Edwardo Funk IV,1212-1221-1121-1234
Joelle Lakin,1211-1221-1234-2201
Katelynn Champlin,1234-2121-1221-1211
Corene Sanford,1211-1221-1234-2201
Jedediah Kiehn,1212-1221-1121-1234
Rubie Wiza,1228-1221-1221-1431
Jaunita Metz,1211-1221-1234-2201
Ruby Kihn,1228-1221-1221-1431
Luna Kreiger,1228-1221-1221-1431
Giovanny Morar,1211-1221-1234-2201
Dr. Kameron Hermann,1228-1221-1221-1431
Lilliana Rice,1234-2121-1221-1211
London Ryan,1234-2121-1221-1211
Sage Beier MD,1211-1221-1234-2201
Keara Gottlieb Sr.,1228-1221-1221-1431
Kacie Orn,1211-1221-1234-2201
Suzanne Considine II,1212-1221-1121-1234
Dr. Karson Schulist,1212-1221-1121-1234
Edwin Gleichner PhD,1211-1221-1234-2201
Bryon Hilpert,1234-2121-1221-1211
Jeanne Reichert IV,1212-1221-1121-1234
Mrs. Claire Schimmel,1228-1221-1221-1431
Sally Boyer,1228-1221-1221-1431
Nat McClure,1212-1221-1121-1234
Vance Watsica,1234-2121-1221-1211
Anahi Price,1211-1221-1234-2201
Magdalen Schinner,1228-1221-1221-1431
Jana Brekke,1212-1221-1121-1234
Brianne King,1228-1221-1221-1431
Landen Hintz,1234-2121-1221-1211
Marjorie Hodkiewicz,1212-1221-1121-1234
Curtis Ferry,1234-2121-1221-1211
Dr. Gonzalo Hagenes,1228-1221-1221-1431
Dr. Dayna Roberts,1211-1221-1234-2201
Domenic Nolan I,1211-1221-1234-2201
Rey Bosco V,1211-1221-1234-2201
Maybelle Lemke,1234-2121-1221-1211
Wanda Streich,1211-1221-1234-2201
Nick Spencer,1211-1221-1234-2201
Dr. Wade Bins,1212-1221-1121-1234
Mr. Reinhold Schneider,1212-1221-1121-1234
Freida D'Amore,1228-1221-1221-1431
Selina Luettgen,1211-1221-1234-2201
Samara Russel,1212-1221-1121-1234
Camille Funk Sr.,1212-1221-1121-1234
Seamus Friesen,1211-1221-1234-2201
Cassie Cummerata,1234-2121-1221-1211
Mrs. Watson Breitenberg,1211-1221-1234-2201
Carissa Cormier II,1212-1221-1121-1234
Clementine MacGyver,1212-1221-1121-1234
Ruthe Morar,1228-1221-1221-1431
Makenna Boyer,1228-1221-1221-1431
Jadon Hahn,1228-1221-1221-1431
Miss Jaylen Morissette,1212-1221-1121-1234
Murphy Leuschke,1228-1221-1221-1431
Mrs. Tania Streich,1212-1221-1121-1234
Anderson McClure,1234-2121-1221-1211
Isobel Schneider,1211-1221-1234-2201
Miss Kristian Ondricka,1228-1221-1221-1431
Velva Kris,1228-1221-1221-1431
Thelma Daugherty,1211-1221-1234-2201
Pauline Bednar,1211-1221-1234-2201
Pete Simonis,1212-1221-1121-1234
Amari Greenholt,1234-2121-1221-1211
Cali Bins,1212-1221-1121-1234
Imelda Grady,1212-1221-1121-1234
Jorge Douglas I,1228-1221-1221-1431
Justice Terry,1212-1221-1121-1234
Miss Shane Hudson,1211-1221-1234-2201
Marlene Kunde Sr.,1211-1221-1234-2201
Dr. Katelyn Raynor,1234-2121-1221-1211
Art Greenholt,1228-1221-1221-1431
Imelda Zulauf,1234-2121-1221-1211
Lavinia Franecki,1228-1221-1221-1431
Elva Stokes,1211-1221-1234-2201
Miss Nyasia Rolfson,1234-2121-1221-1211
Mrs. Emiliano Erdman,1228-1221-1221-1431
Mrs. Mathew Ritchie,1228-1221-1221-1431
Wyatt Wehner Jr.,1211-1221-1234-2201
Billie Barton,1228-1221-1221-1431
Damon Lemke,1228-1221-1221-1431
Dr. Linwood Marks,1234-2121-1221-1211
Verona Kuhn I,1212-1221-1121-1234
Janick Wiegand,1211-1221-1234-2201
Kyler Weber,1212-1221-1121-1234
Miss Tevin Quitzon,1212-1221-1121-1234
Elwyn Fay,1234-2121-1221-1211
Miss Loyal Quigley,1228-1221-1221-1431
Theresia Kemmer PhD,1228-1221-1221-1431
Murl Haley,1211-1221-1234-2201
Devante Parker,1228-1221-1221-1431
Zola Rodriguez Sr.,1211-1221-1234-2201
Dr. Baby Jacobson,1211-1221-1234-2201
Chelsey Bogan,1234-2121-1221-1211
Mrs. Laury VonRueden,1234-2121-1221-1211
Gwen Stokes DDS,1212-1221-1121-1234
Nick Trantow,1211-1221-1234-2201
Everette Hermiston PhD,1228-1221-1221-1431
Karson D'Amore,1211-1221-1234-2201
Edmond Turner,1211-1221-1234-2201
Albertha Torp,1211-1221-1234-2201
Mekhi Farrell,1212-1221-1121-1234
Lempi Kunze,1211-1221-1234-2201
Carson Marquardt,1234-2121-1221-1211
Josh Feeney,1212-1221-1121-1234
Alessandra Ondricka,1211-1221-1234-2201
Dr. David Torphy,1211-1221-1234-2201
Alexa Schowalter,1228-1221-1221-1431
Deon Towne,1228-1221-1221-1431
Carter Emmerich Jr.,1234-2121-1221-1211
Carolina Ullrich,1212-1221-1121-1234
Guillermo Kling,1211-1221-1234-2201
Miss Xzavier Rath,1212-1221-1121-1234
Macy Friesen,1211-1221-1234-2201
Dr. Rosa Schmitt,1234-2121-1221-1211
Magdalena Towne,1212-1221-1121-1234
Ms. Lisa Willms,1234-2121-1221-1211
Jessika Armstrong,1228-1221-1221-1431
Heber Friesen,1212-1221-1121-1234
Lila Heidenreich IV,1212-1221-1121-1234
Jacinto Mann,1212-1221-1121-1234
Brannon McGlynn,1211-1221-1234-2201
Kelly Tillman Sr.,1228-1221-1221-1431
Rosalyn Hackett,1211-1221-1234-2201
Perry Kohler DDS,1211-1221-1234-2201
Carleton Zemlak,1228-1221-1221-1431
Hadley Schmidt Jr.,1234-2121-1221-1211
Kaleb VonRueden,1212-1221-1121-1234
Lacy Connelly,1212-1221-1121-1234
Arlie Haley,1212-1221-1121-1234
Loma Terry,1234-2121-1221-1211
Ms. Daisha O'Kon,1228-1221-1221-1431
Gaylord Franecki,1228-1221-1221-1431
Jayme Prosacco,1234-2121-1221-1211
Alysha Bode II,1211-1221-1234-2201
Delmer Vandervort,1212-1221-1121-1234
Corine Carter,1228-1221-1221-1431
Rachelle Medhurst,1212-1221-1121-1234
Ramona Hessel,1212-1221-1121-1234
Clotilde Carter,1211-1221-1234-2201
Alena Kshlerin,1211-1221-1234-2201
Carleton Lind IV,1228-1221-1221-1431
Ms. Graciela Goldner,1228-1221-1221-1431
Ana Hoeger,1211-1221-1234-2201
Mrs. Emma Bartoletti,1234-2121-1221-1211
Adeline Kreiger,1211-1221-1234-2201
Austin Crist,1234-2121-1221-1211
Beryl Gleichner,1234-2121-1221-1211
Olaf Langworth,1228-1221-1221-1431
Oceane Willms,1212-1221-1121-1234
Naomi Nicolas III,1234-2121-1221-1211
Missouri Ledner,1212-1221-1121-1234
Alexys Jaskolski Jr.,1234-2121-1221-1211
Lesley Schimmel,1234-2121-1221-1211
Kory Rolfson,1211-1221-1234-2201
Kiana O'Connell,1234-2121-1221-1211
Alaina Becker,1234-2121-1221-1211
Mrs. Berenice Rice,1212-1221-1121-1234
Dandre Doyle Jr.,1228-1221-1221-1431
Merl Cremin,1228-1221-1221-1431
Miss George Roob,1228-1221-1221-1431
Elody Prohaska,1228-1221-1221-1431
Elmore Sauer IV,1228-1221-1221-1431
Ms. Zechariah Frami,1211-1221-1234-2201
Robbie Moore I,1211-1221-1234-2201
Leone Hamill I,1234-2121-1221-1211
Dayna Bednar,1234-2121-1221-1211
Junius Reilly,1212-1221-1121-1234
Cary Schoen,1211-1221-1234-2201
Bella Bernier,1228-1221-1221-1431
Brandt Waters,1211-1221-1234-2201
Kyleigh Jacobson Sr.,1212-1221-1121-1234
Suzanne Fritsch,1211-1221-1234-2201
Thea Upton,1228-1221-1221-1431
Kendall Mosciski,1228-1221-1221-1431
Aurore Schowalter,1211-1221-1234-2201
Jakayla Goodwin,1228-1221-1221-1431
Wayne Bernhard,1234-2121-1221-1211
Bartholome Gusikowski,1212-1221-1121-1234
Destinee Hegmann,1228-1221-1221-1431
Rosa Feest,1211-1221-1234-2201
Bradly Casper,1211-1221-1234-2201
Abdiel Pouros,1212-1221-1121-1234
Kenny Schmeler,1212-1221-1121-1234
Marilou Padberg,1234-2121-1221-1211
Edyth Dickinson,1211-1221-1234-2201
Tyson Stanton,1212-1221-1121-1234
Jalen Ebert,1211-1221-1234-2201
Jaime Abbott,1212-1221-1121-1234
Rosalee Bednar,1211-1221-1234-2201
Estevan Block,1228-1221-1221-1431
Timmothy Hodkiewicz Sr.,1228-1221-1221-1431
Murl Swaniawski II,1212-1221-1121-1234
Felicity Turcotte,1228-1221-1221-1431
Davon Blanda Jr.,1212-1221-1121-1234
Alessia Rutherford,1228-1221-1221-1431
Brycen Thompson,1211-1221-1234-2201
Robb Bartell MD,1211-1221-1234-2201
Norberto Conroy,1234-2121-1221-1211
Xander Jenkins,1228-1221-1221-1431
Ada Reilly V,1228-1221-1221-1431
Haleigh Halvorson,1234-2121-1221-1211
Jeff Crooks DDS,1212-1221-1121-1234
Miss Davin Trantow,1212-1221-1121-1234
Timmothy Nolan,1212-1221-1121-1234
Joel Keebler,1228-1221-1221-1431
Maximilian Ryan,1211-1221-1234-2201
Lizzie Hermann,1212-1221-1121-1234
Carolina Langworth,1212-1221-1121-1234
Mr. Edwina DuBuque,1234-2121-1221-1211
Ms. Bonnie Hodkiewicz,1228-1221-1221-1431
Johathan Kovacek,1234-2121-1221-1211
Jeanie Hane,1234-2121-1221-1211
Ms. Keira Huel,1234-2121-1221-1211
Isadore Funk,1212-1221-1121-1234
Emily Stamm,1234-2121-1221-1211
Cicero Auer,1234-2121-1221-1211
Ted Daugherty,1212-1221-1121-1234
Katrina Schamberger,1228-1221-1221-1431
David Krajcik I,1228-1221-1221-1431
Dr. Rodrigo King,1228-1221-1221-1431
Harrison Gutmann IV,1228-1221-1221-1431
Cierra Auer,1212-1221-1121-1234
Braeden Frami,1234-2121-1221-1211
Cheyanne Glover IV,1234-2121-1221-1211
Rey Morar,1212-1221-1121-1234
Lia Tromp I,1234-2121-1221-1211
Urban Parker,1228-1221-1221-1431
Judy Spencer,1211-1221-1234-2201
Terrill Sauer,1234-2121-1221-1211
Brett King,1234-2121-1221-1211
Daron Graham PhD,1228-1221-1221-1431
Alexandrea Dare I,1212-1221-1121-1234
Ms. Jayce O'Kon,1212-1221-1121-1234
Marcelo Howe DDS,1228-1221-1221-1431
Waylon Larson,1234-2121-1221-1211
Katlynn Swift,1234-2121-1221-1211
Brooks Muller,1228-1221-1221-1431
Narciso Roberts,1228-1221-1221-1431
Davion Anderson,1228-1221-1221-1431
Luciano Wilkinson,1212-1221-1121-1234
Haley Shanahan,1234-2121-1221-1211
Helene Stracke,1234-2121-1221-1211
Leopold O'Hara,1228-1221-1221-1431
Derek Luettgen,1228-1221-1221-1431
Alfredo O'Reilly,1234-2121-1221-1211
Abagail Zieme,1212-1221-1121-1234
Alessandro Maggio I,1212-1221-1121-1234
Orion Rodriguez PhD,1212-1221-1121-1234
Sheldon Borer,1228-1221-1221-1431
Mrs. Rosanna Kuhic,1211-1221-1234-2201
Shanie Kohler,1228-1221-1221-1431
Holly Hane,1211-1221-1234-2201
Evangeline Marvin,1212-1221-1121-1234
Edwina Kuhn MD,1228-1221-1221-1431
Stephen Terry,1212-1221-1121-1234
Boris Kulas,1212-1221-1121-1234
Kenneth Goodwin Jr.,1234-2121-1221-1211
Ariane Tillman,1228-1221-1221-1431
Eloisa Stanton,1228-1221-1221-1431
Hoyt Gutmann III,1234-2121-1221-1211
Burnice Cremin,1212-1221-1121-1234
Arne Strosin,1234-2121-1221-1211
Mr. Naomi Treutel,1212-1221-1121-1234
Francisco Ullrich,1234-2121-1221-1211
Alysson Schulist I,1234-2121-1221-1211
Anya Spinka V,1211-1221-1234-2201
Carol D'Amore,1234-2121-1221-1211
Earlene Schoen,1228-1221-1221-1431
Doyle Lowe Sr.,1228-1221-1221-1431
Mrs. Toney Bahringer,1228-1221-1221-1431
Forrest Gutmann,1211-1221-1234-2201
Mr. Kathlyn Cruickshank,1211-1221-1234-2201
Meda Maggio,1234-2121-1221-1211
Jayce Casper,1212-1221-1121-1234
Kayley Pollich,1212-1221-1121-1234
Mortimer Leannon,1212-1221-1121-1234
Suzanne Moore,1212-1221-1121-1234
Loyce Little,1234-2121-1221-1211
Belle Cormier DDS,1228-1221-1221-1431
Mrs. Norberto Hansen,1234-2121-1221-1211
Ms. Martin Nienow,1234-2121-1221-1211
Coralie Bahringer,1234-2121-1221-1211
Clotilde Barton,1234-2121-1221-1211
Molly Hartmann,1212-1221-1121-1234
Cathy Hermann,1228-1221-1221-1431
Torrance Bruen,1212-1221-1121-1234
Dr. Lesley Leannon,1234-2121-1221-1211
Ubaldo Beier,1211-1221-1234-2201
Hermina Rice,1234-2121-1221-1211
Noemi Fritsch,1234-2121-1221-1211
Maribel Satterfield,1234-2121-1221-1211
Vilma Padberg,1211-1221-1234-2201
Noel Orn,1211-1221-1234-2201
Alexis Jaskolski V,1234-2121-1221-1211
Erick Schmidt,1211-1221-1234-2201
Jordan Kemmer III,1212-1221-1121-1234
Greyson Wilderman,1234-2121-1221-1211
Lila Lowe,1211-1221-1234-2201
Constantin Waters,1212-1221-1121-1234
Vivienne Kreiger,1211-1221-1234-2201
Christelle Block,1212-1221-1121-1234
Alyson Kovacek,1228-1221-1221-1431
Nick Kovacek,1234-2121-1221-1211
Miss Aimee Rosenbaum,1211-1221-1234-2201
Rodolfo Pollich,1212-1221-1121-1234
Mrs. Percy Trantow,1228-1221-1221-1431
Nickolas Wolf DVM,1211-1221-1234-2201
Reanna Bosco,1212-1221-1121-1234
Mr. Janet Rutherford,1212-1221-1121-1234
Gonzalo Wehner,1211-1221-1234-2201
Donnie Terry,1211-1221-1234-2201
Elda Brown,1212-1221-1121-1234
Salma Johnson,1212-1221-1121-1234
Al Graham,1234-2121-1221-1211
Ms. Webster Schneider,1211-1221-1234-2201
Edythe Terry,1234-2121-1221-1211
Elissa Rolfson MD,1212-1221-1121-1234
Jarrett Durgan,1212-1221-1121-1234
Verla Medhurst,1234-2121-1221-1211
Miss Aglae Heller,1211-1221-1234-2201
Hipolito Powlowski PhD,1228-1221-1221-1431
Augustus Bechtelar,1211-1221-1234-2201
Ms. Piper O'Kon,1212-1221-1121-1234
Garret Considine Sr.,1228-1221-1221-1431
Fay Farrell,1212-1221-1121-1234
Sven Oberbrunner,1212-1221-1121-1234
Elisha Vandervort IV,1228-1221-1221-1431
Desiree Kub,1212-1221-1121-1234
Jackson Blanda,1228-1221-1221-1431
Marco Thiel,1234-2121-1221-1211
Darron Davis,1234-2121-1221-1211
Eda Stamm,1211-1221-1234-2201
Justina Reinger,1212-1221-1121-1234
Miss Maynard Cartwright,1234-2121-1221-1211
Alisa Bauch,1212-1221-1121-1234
Tracey West,1228-1221-1221-1431
Odie Cole I,1228-1221-1221-1431
Stewart Conn,1228-1221-1221-1431
Miss Dillon Runte,1211-1221-1234-2201
Ephraim Bradtke Sr.,1212-1221-1121-1234
Lucius Lebsack DVM,1234-2121-1221-1211
Elnora Dicki MD,1234-2121-1221-1211
Kaya Cole,1228-1221-1221-1431
Cathryn Barton,1234-2121-1221-1211
Emmalee Ullrich,1212-1221-1121-1234
Okey Zieme,1211-1221-1234-2201
Miss Mervin Rohan,1212-1221-1121-1234
Maximillia Lebsack II,1212-1221-1121-1234
Maryam Ruecker II,1211-1221-1234-2201
Ms. Damaris Hammes,1212-1221-1121-1234
Maxwell Lowe III,1212-1221-1121-1234
Edmond VonRueden MD,1211-1221-1234-2201
Miss Sarah Spinka,1228-1221-1221-1431
Katrina Kuphal,1234-2121-1221-1211
Lilliana Runte,1228-1221-1221-1431
Jon Olson,1211-1221-1234-2201
Miss Orland Jaskolski,1228-1221-1221-1431
Candice Waters,1212-1221-1121-1234
Gertrude Reichel,1212-1221-1121-1234
Melyna Abernathy,1234-2121-1221-1211
Bridget Morar,1234-2121-1221-1211
Coby Huels,1228-1221-1221-1431
Lorena Witting Sr.,1228-1221-1221-1431
Lazaro Muller,1234-2121-1221-1211
Doyle Harber,1212-1221-1121-1234
Jermain Turner,1228-1221-1221-1431
Melvina Lehner,1212-1221-1121-1234
Josiah Hahn,1228-1221-1221-1431
Aniyah Streich,1211-1221-1234-2201
Emerald Rutherford,1234-2121-1221-1211
Rosella Dooley,1211-1221-1234-2201
Ottilie Mante PhD,1234-2121-1221-1211
Winifred Predovic,1228-1221-1221-1431
Jamie Daugherty,1234-2121-1221-1211
Erica Runte,1212-1221-1121-1234
Hyman Wilderman Sr.,1212-1221-1121-1234
Colin Gutmann II,1211-1221-1234-2201
Hal Harvey,1212-1221-1121-1234
Eleanore Erdman,1212-1221-1121-1234
Benny Bartell,1228-1221-1221-1431
Dr. Tyree Walsh,1234-2121-1221-1211
Reilly Legros,1211-1221-1234-2201
Ida Lakin IV,1211-1221-1234-2201
Gussie Quigley,1234-2121-1221-1211
Theodora Koepp,1211-1221-1234-2201
Evan Champlin,1212-1221-1121-1234
Eleazar Dooley,1211-1221-1234-2201
Laurianne Marquardt,1228-1221-1221-1431
Earlene O'Hara,1228-1221-1221-1431
Quentin Bauch,1234-2121-1221-1211
Lawson Block,1212-1221-1121-1234
Darrin Vandervort Jr.,1228-1221-1221-1431
Ms. Bernhard Weissnat,1228-1221-1221-1431
Angus Emard DVM,1228-1221-1221-1431
Miller Von,1211-1221-1234-2201
Maryse Grimes,1234-2121-1221-1211
Rodolfo Cruickshank,1228-1221-1221-1431
Araceli Grimes Jr.,1211-1221-1234-2201
Zack Durgan,1211-1221-1234-2201
Vivienne Braun,1212-1221-1121-1234
Westley Grady IV,1212-1221-1121-1234
Johnathan Feil,1234-2121-1221-1211
Bonnie Gorczany Jr.,1228-1221-1221-1431
Eric Johns,1211-1221-1234-2201
Kari Adams II,1228-1221-1221-1431
Aidan Buckridge,1211-1221-1234-2201
Dr. Jackeline Paucek,1228-1221-1221-1431
Dorris Bogisich PhD,1212-1221-1121-1234
Norberto Pollich,1234-2121-1221-1211
Lera Volkman,1234-2121-1221-1211
Donato Doyle,1212-1221-1121-1234
Travon Cummings,1228-1221-1221-1431
Raven Zieme,1211-1221-1234-2201
Bailey Stehr Jr.,1228-1221-1221-1431
Nigel Jaskolski,1211-1221-1234-2201
Cindy Rosenbaum,1211-1221-1234-2201
Ms. Mauricio Hauck,1212-1221-1121-1234
Cale Schmitt,1212-1221-1121-1234
Sunny Flatley,1212-1221-1121-1234
Jackeline Huels,1228-1221-1221-1431
Jamarcus Kassulke,1228-1221-1221-1431
Eduardo Hammes,1234-2121-1221-1211
Rashawn Denesik,1234-2121-1221-1211
Sonia Kessler,1211-1221-1234-2201
Sonia Tremblay,1228-1221-1221-1431
Nina Klocko,1228-1221-1221-1431
Moises Murray,1234-2121-1221-1211
Don Nolan,1211-1221-1234-2201
Bernhard Reilly,1234-2121-1221-1211
Mr. Caleigh Effertz,1212-1221-1121-1234
Sage Altenwerth,1212-1221-1121-1234
Kamryn Bartell,1211-1221-1234-2201
Roger Sipes,1212-1221-1121-1234
Devon Wintheiser,1228-1221-1221-1431
Felicita Deckow,1211-1221-1234-2201
Jordane Ward,1211-1221-1234-2201
Mrs. Norma Walsh,1228-1221-1221-1431
Willow Larkin,1211-1221-1234-2201
Marjorie Daugherty,1211-1221-1234-2201
Talia Kuhn,1228-1221-1221-1431
Graham Feest,1212-1221-1121-1234
Liza Volkman,1211-1221-1234-2201
Fermin Franecki,1234-2121-1221-1211
Mckenna Rowe,1234-2121-1221-1211
Sarai Rodriguez,1228-1221-1221-1431
Tevin Romaguera,1228-1221-1221-1431
Miss Clemmie Bailey,1212-1221-1121-1234
Kiara Krajcik MD,1234-2121-1221-1211
Leora Ziemann,1234-2121-1221-1211
Aiyana Nolan,1212-1221-1121-1234
Lourdes Barton,1212-1221-1121-1234
Paula Boyle,1228-1221-1221-1431
Bernita Bechtelar,1234-2121-1221-1211
Rhoda Buckridge,1211-1221-1234-2201
Lyda Hilll,1228-1221-1221-1431
Mr. Etha Price,1211-1221-1234-2201
Mrs. Payton Lowe,1211-1221-1234-2201
Camilla O'Conner,1228-1221-1221-1431
Ms. Darion Wilkinson,1234-2121-1221-1211
Helmer Pouros,1234-2121-1221-1211
Arch Beer,1212-1221-1121-1234
Vaughn Graham,1211-1221-1234-2201
Dr. Asa Waters,1212-1221-1121-1234
Josefa Muller,1234-2121-1221-1211
Amparo Grimes,1228-1221-1221-1431
Ms. Jacquelyn Schaefer,1211-1221-1234-2201
Dr. Betty Eichmann,1211-1221-1234-2201
Eden Howe,1211-1221-1234-2201
Shea Bergnaum,1211-1221-1234-2201
Levi Treutel,1234-2121-1221-1211
Raymundo Ondricka,1228-1221-1221-1431
Mrs. Obie Oberbrunner,1234-2121-1221-1211
Felicity Powlowski,1212-1221-1121-1234
Elyssa Ziemann DDS,1228-1221-1221-1431
Katlyn Harris,1211-1221-1234-2201
Krystel Yost,1234-2121-1221-1211
Grayson Johnston,1228-1221-1221-1431
Jennings Swift,1211-1221-1234-2201
Kiera Waters III,1211-1221-1234-2201
Cordie Hauck,1234-2121-1221-1211
Merl Weimann,1228-1221-1221-1431
Addie Labadie,1211-1221-1234-2201
Bernardo Dickinson,1211-1221-1234-2201
Afton Schiller,1212-1221-1121-1234
Lane Lueilwitz,1234-2121-1221-1211
Newton Reinger,1234-2121-1221-1211
Kira Donnelly,1211-1221-1234-2201
Nicklaus Grimes,1228-1221-1221-1431
Bernadine Dooley MD,1212-1221-1121-1234
Damion Langosh,1234-2121-1221-1211
Scottie Murazik,1211-1221-1234-2201
Oliver Flatley V,1234-2121-1221-1211
Marcella Ondricka,1228-1221-1221-1431
Waldo Mosciski,1211-1221-1234-2201
Chauncey Powlowski,1212-1221-1121-1234
Emmie Mayert,1212-1221-1121-1234
Vidal Bayer Sr.,1211-1221-1234-2201
Meghan Buckridge,1234-2121-1221-1211
Electa Stokes,1228-1221-1221-1431
Joey Durgan,1228-1221-1221-1431
Laney Lesch,1228-1221-1221-1431
Mr. Jennie Schiller,1212-1221-1121-1234
Shaylee Ward IV,1234-2121-1221-1211
Jayda Waters,1211-1221-1234-2201
Jolie Schoen,1211-1221-1234-2201
Emiliano Collins,1212-1221-1121-1234
Oceane McKenzie,1212-1221-1121-1234
Daren Crist DVM,1234-2121-1221-1211
Cole Jacobi,1211-1221-1234-2201
Kendra Goyette,1212-1221-1121-1234
Americo Pacocha,1212-1221-1121-1234
Hettie Hettinger,1211-1221-1234-2201
Emelie Raynor Sr.,1211-1221-1234-2201
Dudley Abbott,1228-1221-1221-1431
Isabell Daugherty,1228-1221-1221-1431
Laurianne Kihn,1228-1221-1221-1431
Austyn Beahan,1212-1221-1121-1234
Roel Borer,1228-1221-1221-1431
Therese MacGyver DDS,1234-2121-1221-1211
Eudora Friesen,1212-1221-1121-1234
Brain Donnelly I,1234-2121-1221-1211
Hope Metz IV,1228-1221-1221-1431
Percival Larson,1228-1221-1221-1431
Mr. Pinkie Wilkinson,1211-1221-1234-2201
Lulu Russel III,1228-1221-1221-1431
Providenci Denesik DDS,1212-1221-1121-1234
Tiffany Wolff,1234-2121-1221-1211
Aliya Hermann,1212-1221-1121-1234
Chyna Mosciski,1234-2121-1221-1211
Prudence Rempel,1228-1221-1221-1431
Maia Paucek,1211-1221-1234-2201
Oswaldo Hayes,1212-1221-1121-1234
Marcellus Shields,1211-1221-1234-2201
Gwen Bernier,1212-1221-1121-1234
Alexandrea Harber,1212-1221-1121-1234
Laury Friesen,1212-1221-1121-1234
Mrs. Vladimir Friesen,1211-1221-1234-2201
Mitchell Windler,1212-1221-1121-1234
Dr. Arch Rice,1234-2121-1221-1211
Miss Brandy Hyatt,1234-2121-1221-1211
Mohammad Goodwin II,1211-1221-1234-2201
Lorenzo Bins,1212-1221-1121-1234
Francis Doyle,1234-2121-1221-1211
Willis Macejkovic,1212-1221-1121-1234
Ervin Braun,1211-1221-1234-2201
Romaine Gibson,1211-1221-1234-2201
Mr. Lazaro Flatley,1228-1221-1221-1431
Christa Skiles,1234-2121-1221-1211
Adrien Rath,1234-2121-1221-1211
Kara Jones II,1212-1221-1121-1234
Gerhard Upton,1234-2121-1221-1211
Mr. Dovie Huels,1212-1221-1121-1234
Mr. Kaitlin Powlowski,1211-1221-1234-2201
Hermina Nicolas,1228-1221-1221-1431
Alfreda Cummings III,1211-1221-1234-2201
Tremayne Lynch,1228-1221-1221-1431
Vivianne Parisian,1211-1221-1234-2201
Modesto Kozey,1234-2121-1221-1211
Linnea Hane,1234-2121-1221-1211
Boyd Gusikowski,1211-1221-1234-2201
Paula Dibbert,1212-1221-1121-1234
Darrin Tillman,1211-1221-1234-2201
Ms. Jamar Beier,1228-1221-1221-1431
Jena Baumbach,1228-1221-1221-1431
Destiney Considine Jr.,1234-2121-1221-1211
Joany Beer,1211-1221-1234-2201
Noble Klocko III,1211-1221-1234-2201
Anais Fisher,1234-2121-1221-1211
Conner Schneider,1228-1221-1221-1431
Jaleel Weber,1228-1221-1221-1431
Thomas Conn,1212-1221-1121-1234
Shane Connelly,1228-1221-1221-1431
Violet Lesch,1212-1221-1121-1234
Dan Bahringer DVM,1234-2121-1221-1211
Ethyl Hamill,1211-1221-1234-2201
Lenny Abbott,1212-1221-1121-1234
Miss Minnie Hintz,1234-2121-1221-1211
Quincy Schuster,1228-1221-1221-1431
Mrs. Alba Roob,1228-1221-1221-1431
Aiden Connelly,1228-1221-1221-1431
Boyd Anderson,1211-1221-1234-2201
Clay Romaguera,1228-1221-1221-1431
Thalia Lind,1234-2121-1221-1211
Clarissa Lind,1212-1221-1121-1234
Jaylen Maggio,1212-1221-1121-1234
Sydney Labadie,1212-1221-1121-1234
Germaine Stracke,1228-1221-1221-1431
Nikki Mraz,1211-1221-1234-2201
Joey Bartoletti IV,1212-1221-1121-1234
Julian Zboncak DDS,1228-1221-1221-1431
Jaleel O'Hara,1234-2121-1221-1211
Theodore Welch,1212-1221-1121-1234
Efrain Schoen,1212-1221-1121-1234
Grover McCullough,1211-1221-1234-2201
America Kohler,1211-1221-1234-2201
Ashton Williamson,1212-1221-1121-1234
Thelma Runolfsson,1228-1221-1221-1431
Brooks Greenholt PhD,1234-2121-1221-1211
Dahlia Pollich,1234-2121-1221-1211
Nya Parisian,1211-1221-1234-2201
Luis Effertz,1212-1221-1121-1234
Sofia Vandervort,1234-2121-1221-1211
Ms. Wyatt Kutch,1212-1221-1121-1234
Mr. Unique Dooley,1212-1221-1121-1234
Kadin Langworth,1212-1221-1121-1234
Reyes Jerde,1228-1221-1221-1431
Rocky Jacobson,1212-1221-1121-1234
Miss Yasmin Miller,1228-1221-1221-1431
Bethany Harvey,1211-1221-1234-2201
Donna Stanton,1211-1221-1234-2201
Miss Will Cummerata,1228-1221-1221-1431
Mrs. Percy Leffler,1228-1221-1221-1431
Vito Schmidt,1234-2121-1221-1211
Genesis Schuppe,1211-1221-1234-2201
Camden Stehr,1228-1221-1221-1431
Shaniya Carroll,1211-1221-1234-2201
Jannie Dooley,1234-2121-1221-1211
Rollin Fahey Sr.,1212-1221-1121-1234
Mrs. Dustin Boehm,1211-1221-1234-2201
Mrs. Eleonore Abbott,1234-2121-1221-1211
Mose Kunde,1211-1221-1234-2201
Cassandre Hammes Sr.,1212-1221-1121-1234
Theo Gibson,1228-1221-1221-1431
Annette Weissnat DVM,1212-1221-1121-1234
Jovani Schaden,1228-1221-1221-1431
Nicklaus Miller,1228-1221-1221-1431
Ms. Franco Boyle,1211-1221-1234-2201
Joanny Bartell,1228-1221-1221-1431
Cynthia Baumbach,1211-1221-1234-2201
Corrine Cummerata Sr.,1228-1221-1221-1431
Constance Grant,1212-1221-1121-1234
Dr. Kip Blanda,1228-1221-1221-1431
Miss Abelardo Connelly,1234-2121-1221-1211
Alexandre Senger,1211-1221-1234-2201
Trey Yundt,1211-1221-1234-2201
Mariam Mueller,1211-1221-1234-2201
Juanita Leuschke MD,1234-2121-1221-1211
Turner Parisian,1234-2121-1221-1211
Miss Tod Pagac,1212-1221-1121-1234
Sofia Cassin,1212-1221-1121-1234
Adonis Boyer,1212-1221-1121-1234
Lee Roberts,1234-2121-1221-1211
Coy Goldner,1211-1221-1234-2201
Lauriane Jacobi,1211-1221-1234-2201
Kariane Schuppe,1211-1221-1234-2201
Celia Walsh,1234-2121-1221-1211
Fritz Mann DVM,1212-1221-1121-1234
Lula Stokes,1234-2121-1221-1211
Alisha Cremin,1228-1221-1221-1431
Loyal Nienow,1212-1221-1121-1234
Garfield Franecki,1228-1221-1221-1431
Dr. Lon Abbott,1234-2121-1221-1211
Reinhold Frami,1212-1221-1121-1234
Reta Hegmann,1212-1221-1121-1234
Ms. Sienna Blanda,1234-2121-1221-1211
Genoveva Bednar,1234-2121-1221-1211
Elena Cummings,1211-1221-1234-2201
Mr. Althea Wolff,1228-1221-1221-1431
Dora Lubowitz V,1228-1221-1221-1431
Kaia Cummings,1211-1221-1234-2201
Guadalupe Dickens,1234-2121-1221-1211
Leila Nolan,1234-2121-1221-1211
Thalia Leannon,1211-1221-1234-2201
Mrs. Alva Hamill,1228-1221-1221-1431
Dino Green,1228-1221-1221-1431
Roger Schoen,1212-1221-1121-1234
Ashton Blanda IV,1212-1221-1121-1234
Jerel O'Hara,1211-1221-1234-2201
Justina Heidenreich,1211-1221-1234-2201
Alec West,1212-1221-1121-1234
Elsa Dibbert,1212-1221-1121-1234
Margarette Klein,1212-1221-1121-1234
Jasper Aufderhar,1234-2121-1221-1211
Hosea Pagac,1228-1221-1221-1431
Mrs. Jordy Reichert,1212-1221-1121-1234
Lina Boyer,1212-1221-1121-1234
Ima Stark,1212-1221-1121-1234
Malachi Bednar,1212-1221-1121-1234
Jessy Mann,1234-2121-1221-1211
Drake Hirthe,1228-1221-1221-1431
Korey McKenzie,1228-1221-1221-1431
Dr. Oren Mohr,1234-2121-1221-1211
Demarcus Wintheiser,1234-2121-1221-1211
Mr. Cyrus Mraz,1234-2121-1221-1211
Alexandro Kautzer,1211-1221-1234-2201
Francisca Sporer,1211-1221-1234-2201
Collin O'Keefe,1211-1221-1234-2201
Preston Gaylord,1211-1221-1234-2201
Mr. Edwardo Macejkovic,1211-1221-1234-2201
Coty Denesik,1228-1221-1221-1431
Leta Rutherford,1228-1221-1221-1431
Eldon Gutkowski DVM,1211-1221-1234-2201
Dax Brekke II,1234-2121-1221-1211
Brando Stanton Jr.,1228-1221-1221-1431
Natalia Toy DVM,1234-2121-1221-1211
Fiona Lang,1234-2121-1221-1211
Annabell Armstrong II,1212-1221-1121-1234
Isobel Reinger,1228-1221-1221-1431
Luciano Gutmann,1234-2121-1221-1211
Austin Langworth,1212-1221-1121-1234
